Formatted_Year_Month,Event,DataCards,Deaths,Injured,Missing,Houses.Destroyed,Houses.Damaged,Directly.affected,Indirectly.Affected,Relocated,Evacuated
1980/1/1,FLOOD,1,4,32,0,94,35,0,1742,0,0
1980/1/1,Snowfall,1,4,14,0,9,26,0,0,0,0
1980/2/1,EPIDEMIC,2,6,0,0,0,0,0,58,0,0
1980/2/1,FLASH FLOOD,1,2,9,0,3,6,0,246,0,0
1980/2/1,FLOOD,1,8,64,0,43,0,0,64,0,0
1980/2/1,LANDSLIDE,1,2,3,0,2,0,0,0,0,0
1980/2/1,LIGHTNING,1,2,0,0,0,1,0,0,0,0
1980/2/1,RAINS,2,1,4,0,1,0,0,0,0,0
1980/2/1,Snowfall,1,3,24,0,14,92,0,0,0,0
1980/3/1,FLOOD,2,21,68,0,105,38,0,113,0,0
1980/3/1,LANDSLIDE,1,3,8,0,4,3,0,0,0,0
1980/3/1,LIGHTNING,1,0,0,0,0,1,0,0,0,0
1980/3/1,RAINS,1,1,0,0,2,0,0,0,0,0
1980/4/1,EARTHQUAKE,1,68,186,0,156,358,0,0,0,0
1980/4/1,EPIDEMIC,5,17,0,0,0,0,0,205,0,0
1980/4/1,FLOOD,4,24,279,0,74,93,0,2151,0,0
1980/4/1,LANDSLIDE,1,6,7,0,0,0,0,0,0,0
1980/4/1,RAINS,1,0,1,0,0,0,0,0,0,0
1980/5/1,EPIDEMIC,2,5,0,0,0,0,0,111,0,0
1980/5/1,FLOOD,4,35,291,0,152,164,0,2900,0,0
1980/6/1,EARTHQUAKE,1,5,26,0,14,32,0,234,0,0
1980/6/1,EPIDEMIC,1,5,0,0,0,0,0,38,0,0
1980/6/1,FLOOD,1,6,54,0,27,96,0,1459,0,0
1980/6/1,LIGHTNING,1,2,0,0,0,0,0,0,0,0
1980/7/1,EARTHQUAKE,1,0,14,0,3,65,0,43,0,0
1980/7/1,EPIDEMIC,1,3,0,0,0,0,0,14,0,0
1980/7/1,FLASH FLOOD,4,20,47,0,27,71,0,2705,0,0
1980/7/1,FLOOD,2,7,118,0,51,22,0,142,0,0
1980/7/1,LANDSLIDE,2,9,9,0,0,0,0,175,0,0
1980/7/1,LIGHTNING,1,0,0,0,0,0,0,0,0,0
1980/7/1,RAINS,2,3,1,0,1,0,0,0,0,0
1980/8/1,EPIDEMIC,2,6,0,0,0,0,0,129,0,0
1980/8/1,FLASH FLOOD,5,30,69,0,81,101,0,3236,0,0
1980/8/1,FLOOD,3,25,159,0,173,62,0,4300,0,0
1980/8/1,LANDSLIDE,1,4,0,0,3,0,0,0,0,0
1980/8/1,RAINS,2,1,1,0,1,2,0,0,0,0
1980/8/1,WINDSTORM,1,2,18,0,3,0,0,0,0,0
1980/9/1,EARTHQUAKE,2,93,311,0,413,751,0,0,0,0
1980/9/1,EPIDEMIC,2,2,0,0,0,0,0,70,0,0
1980/9/1,FLASH FLOOD,2,14,43,0,20,43,0,1278,0,0
1980/9/1,FLOOD,4,14,233,0,52,169,0,2582,0,0
1980/9/1,LANDSLIDE,1,8,4,0,4,1,0,0,0,0
1980/9/1,RAINS,2,2,2,0,2,1,0,0,0,0
1980/9/1,WINDSTORM,1,2,5,0,0,1,0,0,0,0
1980/10/1,EARTHQUAKE,1,54,173,0,138,269,0,0,0,0
1980/10/1,FLASH FLOOD,1,3,18,0,6,9,0,463,0,0
1980/10/1,FLOOD,2,7,115,0,64,29,0,110,0,0
1980/10/1,LIGHTNING,1,1,0,0,0,0,0,0,0,0
1980/10/1,RAINS,5,3,2,0,2,5,0,0,0,0
1980/11/1,AVALANCHE,1,3,5,0,7,15,0,0,0,0
1980/11/1,FLOOD,1,7,89,0,28,0,0,32,0,0
1980/12/1,EARTHQUAKE,1,34,193,0,153,279,0,0,0,0
1981/1/1,EARTHQUAKE,2,72,286,0,305,444,0,0,0,0
1981/1/1,FLOOD,2,11,84,0,69,37,0,117,0,0
1981/2/1,EPIDEMIC,1,5,0,0,0,0,0,68,0,0
1981/2/1,FLOOD,2,2,95,0,36,98,0,411,0,0
1981/2/1,LANDSLIDE,1,0,7,0,1,0,0,0,0,0
1981/2/1,LIGHTNING,1,0,0,0,0,1,0,0,0,0
1981/2/1,RAINS,3,3,4,0,2,4,0,0,0,0
1981/3/1,EARTHQUAKE,1,5,23,0,9,58,0,23,0,0
1981/3/1,EPIDEMIC,2,9,0,0,0,0,0,115,0,0
1981/3/1,LANDSLIDE,1,7,0,0,2,5,0,0,0,0
1981/3/1,LIGHTNING,2,3,0,0,0,0,0,0,0,0
1981/3/1,RAINS,1,0,2,0,0,0,0,0,0,0
1981/4/1,EPIDEMIC,1,2,0,0,0,0,0,36,0,0
1981/4/1,FLOOD,3,18,121,0,89,102,0,352,0,0
1981/4/1,LANDSLIDE,1,9,5,0,0,0,0,0,0,0
1981/4/1,RAINS,1,1,0,0,0,0,0,0,0,0
1981/5/1,EPIDEMIC,2,7,0,0,0,0,0,66,0,0
1981/5/1,FLOOD,3,13,53,0,110,118,0,1568,0,0
1981/6/1,EPIDEMIC,1,2,0,0,0,0,0,37,0,0
1981/6/1,FLOOD,2,32,63,0,30,127,0,2189,0,0
1981/6/1,WINDSTORM,1,0,4,0,0,6,0,0,0,0
1981/7/1,EPIDEMIC,2,12,0,0,0,0,0,76,0,0
1981/7/1,FLASH FLOOD,1,13,14,0,41,23,0,747,0,0
1981/7/1,FLOOD,2,6,39,0,43,75,0,911,0,0
1981/7/1,LANDSLIDE,1,2,0,0,5,0,0,0,0,0
1981/7/1,LIGHTNING,1,0,0,0,0,0,0,0,0,0
1981/7/1,RAINS,1,2,0,0,0,0,0,0,0,0
1981/8/1,FLASH FLOOD,5,23,93,0,43,152,0,2932,0,0
1981/8/1,FLOOD,4,19,171,4,102,199,0,4873,0,0
1981/8/1,LANDSLIDE,1,0,5,0,1,1,0,0,0,0
1981/8/1,LIGHTNING,2,0,3,0,0,2,0,0,0,0
1981/8/1,RAINS,2,4,3,0,2,3,0,0,0,0
1981/9/1,EPIDEMIC,1,7,0,0,0,0,0,84,0,0
1981/9/1,FLASH FLOOD,5,30,56,0,34,56,0,2176,0,0
1981/9/1,FLOOD,2,13,127,0,40,0,0,382,0,0
1981/9/1,LANDSLIDE,2,6,8,0,0,1,0,254,0,0
1981/9/1,LIGHTNING,2,5,0,0,0,1,0,0,0,0
1981/9/1,RAINS,1,1,2,0,0,0,0,0,0,0
1981/10/1,EPIDEMIC,1,6,0,0,0,0,0,37,0,0
1981/10/1,FLASH FLOOD,2,13,22,0,8,37,0,1004,0,0
1981/10/1,LANDSLIDE,1,3,9,0,1,2,0,0,0,0
1981/10/1,LIGHTNING,1,0,0,0,0,2,0,0,0,0
1981/10/1,RAINS,1,1,0,0,0,0,0,0,0,0
1981/11/1,EARTHQUAKE,1,49,214,0,179,241,0,0,0,0
1981/11/1,FLOOD,2,14,75,0,73,122,0,4437,0,0
1981/12/1,EARTHQUAKE,1,3,16,0,12,68,0,98,0,0
1982/1/1,FLOOD,1,7,18,0,19,78,0,356,0,0
1982/2/1,EARTHQUAKE,2,94,325,0,99,261,0,0,0,0
1982/2/1,FLOOD,1,2,12,0,21,46,0,258,0,0
1982/3/1,EPIDEMIC,1,5,0,0,0,0,0,92,0,0
1982/3/1,FLOOD,2,7,31,0,52,112,0,1110,0,0
1982/3/1,LIGHTNING,1,0,0,0,0,1,0,0,0,0
1982/3/1,RAINS,2,2,1,0,2,1,0,0,0,0
1982/4/1,FLOOD,2,9,48,0,121,0,0,133,0,0
1982/4/1,LIGHTNING,1,1,5,0,0,2,0,0,0,0
1982/4/1,RAINS,2,0,0,0,5,5,0,0,0,0
1982/5/1,EPIDEMIC,2,14,0,0,0,0,0,74,0,0
1982/5/1,FLOOD,5,28,147,0,171,195,0,1425,0,0
1982/6/1,EARTHQUAKE,1,27,274,0,279,165,0,344,0,0
1982/6/1,EPIDEMIC,1,9,0,0,0,0,0,75,0,0
1982/6/1,FLOOD,3,22,123,0,170,0,0,150,0,0
1982/7/1,EPIDEMIC,2,7,0,0,0,0,0,158,0,0
1982/7/1,FLASH FLOOD,2,9,51,0,40,92,0,1289,0,0
1982/7/1,FLOOD,4,18,88,0,98,185,0,1869,0,0
1982/7/1,LIGHTNING,1,0,0,0,0,0,0,0,0,0
1982/7/1,RAINS,2,0,5,0,1,1,0,0,0,0
1982/8/1,FLASH FLOOD,7,40,87,0,72,130,0,4077,0,0
1982/8/1,FLOOD,2,6,97,0,107,47,0,418,0,0
1982/8/1,LANDSLIDE,2,9,2,0,5,3,0,126,0,0
1982/8/1,LIGHTNING,2,1,0,0,0,0,0,0,0,0
1982/8/1,RAINS,2,1,3,0,1,3,0,0,0,0
1982/9/1,EPIDEMIC,1,7,0,0,0,0,0,43,0,0
1982/9/1,FLASH FLOOD,2,6,14,0,14,14,0,710,0,0
1982/9/1,FLOOD,3,20,69,0,101,55,0,483,0,0
1982/9/1,LANDSLIDE,2,0,16,0,0,5,0,0,0,0
1982/9/1,LIGHTNING,1,0,0,0,0,1,0,0,0,0
1982/9/1,RAINS,2,0,0,0,1,4,0,0,0,0
1982/9/1,WINDSTORM,1,0,9,0,1,2,0,0,0,0
1982/10/1,EPIDEMIC,1,2,0,0,0,0,0,83,0,0
1982/10/1,FLASH FLOOD,2,12,26,0,12,16,0,1009,0,0
1982/10/1,FLOOD,1,2,14,0,31,86,0,689,0,0
1982/10/1,LANDSLIDE,1,7,4,0,4,3,0,0,0,0
1982/10/1,LIGHTNING,1,0,0,0,0,0,0,0,0,0
1982/10/1,RAINS,1,0,1,0,0,0,0,0,0,0
1982/12/1,EARTHQUAKE,1,0,15,0,3,38,0,78,0,0
1983/1/1,EARTHQUAKE,1,67,286,0,199,195,0,768,0,0
1983/1/1,FLOOD,2,9,77,0,97,37,0,872,0,0
1983/2/1,EARTHQUAKE,1,7,25,0,83,143,0,24,0,0
1983/2/1,EPIDEMIC,1,2,0,0,0,0,0,43,0,0
1983/2/1,LANDSLIDE,1,0,4,0,0,1,0,0,0,0
1983/2/1,RAINS,1,1,0,0,3,0,0,0,0,0
1983/3/1,EPIDEMIC,4,17,0,0,0,0,0,138,0,0
1983/3/1,FLOOD,1,2,27,0,53,18,0,247,0,0
1983/3/1,LANDSLIDE,1,1,7,0,2,3,0,0,0,0
1983/3/1,RAINS,2,2,2,0,3,0,0,0,0,0
1983/4/1,EPIDEMIC,3,12,0,0,0,0,0,132,0,0
1983/4/1,FLOOD,4,25,168,0,211,74,0,1443,0,0
1983/4/1,RAINS,3,1,3,0,1,4,0,0,0,0
1983/5/1,EPIDEMIC,2,4,0,0,0,0,0,142,0,0
1983/5/1,FLOOD,2,7,47,0,120,63,0,2853,0,0
1983/6/1,EPIDEMIC,2,13,0,0,0,0,0,99,0,0
1983/6/1,FLOOD,3,15,130,0,177,34,0,1106,0,0
1983/7/1,EPIDEMIC,1,2,0,0,0,0,0,24,0,0
1983/7/1,FLASH FLOOD,4,19,53,0,15,27,0,2596,0,0
1983/7/1,FLOOD,4,63,145,0,247,239,0,4623,0,0
1983/7/1,LANDSLIDE,2,9,10,0,2,6,0,0,0,0
1983/7/1,LIGHTNING,1,3,0,0,0,2,0,0,0,0
1983/7/1,RAINS,3,3,2,0,2,5,0,0,0,0
1983/8/1,EARTHQUAKE,1,37,357,0,156,268,0,432,0,0
1983/8/1,EPIDEMIC,3,7,0,0,0,0,0,124,0,0
1983/8/1,FLASH FLOOD,5,25,145,0,113,164,0,2511,0,0
1983/8/1,FLOOD,4,17,164,0,235,72,0,5348,0,0
1983/8/1,LIGHTNING,1,0,0,0,0,0,0,0,0,0
1983/8/1,RAINS,3,2,0,0,2,2,0,0,0,0
1983/9/1,EPIDEMIC,1,4,0,0,0,0,0,32,0,0
1983/9/1,FLASH FLOOD,1,2,7,0,8,7,0,454,0,0
1983/9/1,FLOOD,1,2,24,0,95,27,0,463,0,0
1983/9/1,RAINS,1,0,3,0,0,2,0,0,0,0
1983/10/1,EARTHQUAKE,1,57,356,0,124,197,0,679,0,0
1983/10/1,EPIDEMIC,5,17,0,0,0,0,0,260,0,0
1983/10/1,FLASH FLOOD,3,21,54,0,14,68,0,1954,0,0
1983/10/1,FLOOD,2,10,58,0,121,102,0,2754,0,0
1983/10/1,LANDSLIDE,3,15,14,0,8,6,0,357,0,0
1983/11/1,EARTHQUAKE,1,4,67,0,147,295,0,0,0,0
1983/12/1,EARTHQUAKE,2,32,484,0,361,691,0,776,0,0
1983/12/1,FLOOD,1,3,26,0,47,28,0,432,0,0
1984/1/1,FLOOD,1,10,14,0,29,78,0,863,0,0
1984/2/1,EPIDEMIC,3,9,0,0,0,0,0,136,0,0
1984/2/1,FLOOD,1,3,25,0,75,0,0,78,0,0
1984/2/1,LIGHTNING,1,2,0,0,0,0,0,0,0,0
1984/2/1,RAINS,1,2,2,0,2,0,0,0,0,0
1984/3/1,FLOOD,1,5,43,0,94,0,0,125,0,0
1984/3/1,LANDSLIDE,1,3,5,0,0,0,0,416,0,0
1984/3/1,LIGHTNING,1,0,2,0,0,0,0,0,0,0
1984/3/1,RAINS,2,4,3,0,0,0,0,0,0,0
1984/4/1,EPIDEMIC,3,14,0,0,0,0,0,200,0,0
1984/4/1,FLOOD,5,21,160,0,160,186,0,1162,0,0
1984/4/1,LIGHTNING,1,0,0,0,0,0,0,0,0,0
1984/5/1,EPIDEMIC,2,12,0,0,0,0,0,107,0,0
1984/5/1,FLOOD,2,8,92,0,92,97,0,555,0,0
1984/6/1,EARTHQUAKE,1,12,39,0,32,90,0,0,0,0
1984/6/1,EPIDEMIC,3,11,0,0,0,0,0,222,0,0
1984/6/1,FLASH FLOOD,1,3,8,0,9,17,0,363,0,0
1984/6/1,FLOOD,2,10,50,0,85,15,0,82,0,0
1984/7/1,EPIDEMIC,1,2,0,0,0,0,0,45,0,0
1984/7/1,FLASH FLOOD,3,11,40,0,15,33,0,2069,0,0
1984/7/1,FLOOD,3,12,78,0,161,98,0,1640,0,0
1984/7/1,LANDSLIDE,3,3,14,0,6,4,0,0,0,0
1984/7/1,WINDSTORM,1,1,4,0,2,4,0,0,0,0
1984/8/1,EARTHQUAKE,1,4,19,0,7,87,0,357,0,0
1984/8/1,EPIDEMIC,4,13,0,0,0,0,0,246,0,0
1984/8/1,FLASH FLOOD,4,21,34,0,15,40,0,2226,0,0
1984/8/1,FLOOD,4,40,176,0,160,230,0,4059,0,0
1984/8/1,LANDSLIDE,1,0,7,0,1,0,0,0,0,0
1984/8/1,RAINS,3,4,2,0,3,5,0,0,0,0
1984/9/1,FLASH FLOOD,2,7,14,0,10,36,0,1000,0,0
1984/9/1,FLOOD,3,15,105,0,99,110,0,3943,0,0
1984/9/1,LANDSLIDE,2,2,10,0,3,2,0,0,0,0
1984/9/1,LIGHTNING,1,0,1,0,0,0,0,0,0,0
1984/9/1,RAINS,1,2,0,0,1,0,0,0,0,0
1984/10/1,FLASH FLOOD,3,23,87,0,99,102,0,1670,0,0
1984/10/1,FLOOD,3,10,149,0,82,76,0,1084,0,0
1984/10/1,RAINS,2,3,0,0,2,4,0,0,0,0
1984/11/1,EARTHQUAKE,1,16,168,0,138,247,0,0,0,0
1984/11/1,EPIDEMIC,1,4,0,0,0,0,0,78,0,0
1984/11/1,FLOOD,1,4,16,0,25,83,0,365,0,0
1984/12/1,EARTHQUAKE,1,11,246,0,187,386,0,548,0,0
1984/12/1,EPIDEMIC,1,3,0,0,0,0,0,42,0,0
1984/12/1,FLOOD,1,2,19,0,21,76,0,68,0,0
1985/1/1,AVALANCHE,1,4,16,0,5,9,0,0,0,0
1985/1/1,EARTHQUAKE,2,37,228,0,222,351,0,957,0,0
1985/1/1,FLOOD,1,9,15,0,43,0,0,37,0,0
1985/2/1,EARTHQUAKE,2,29,385,0,113,196,0,722,0,0
1985/2/1,EPIDEMIC,1,3,0,0,0,0,0,49,0,0
1985/2/1,FLOOD,1,25,62,0,34,83,0,1785,0,0
1985/2/1,LIGHTNING,1,0,0,0,0,3,0,0,0,0
1985/3/1,EARTHQUAKE,2,26,274,0,171,283,0,532,0,0
1985/3/1,EPIDEMIC,1,5,0,0,0,0,0,47,0,0
1985/3/1,FLOOD,2,18,62,0,91,36,0,1664,0,0
1985/3/1,LIGHTNING,1,3,0,0,0,0,0,0,0,0
1985/4/1,EPIDEMIC,2,13,0,0,0,0,0,124,0,0
1985/4/1,FLOOD,2,8,143,0,163,32,0,191,0,0
1985/4/1,LANDSLIDE,1,0,4,0,1,4,0,0,0,0
1985/5/1,EPIDEMIC,1,9,0,0,0,0,0,57,0,0
1985/5/1,FLOOD,3,19,121,0,104,68,0,4045,0,0
1985/6/1,EPIDEMIC,6,29,0,0,0,0,0,284,0,0
1985/6/1,WINDSTORM,1,0,12,0,0,2,0,0,0,0
1985/7/1,FLASH FLOOD,3,14,51,0,44,117,0,972,0,0
1985/7/1,LIGHTNING,2,0,2,0,0,3,0,0,0,0
1985/7/1,RAINS,2,2,5,0,4,2,0,0,0,0
1985/8/1,EPIDEMIC,2,13,0,0,0,0,0,99,0,0
1985/8/1,FLASH FLOOD,6,33,128,0,50,89,0,3868,0,0
1985/8/1,FLOOD,3,17,77,0,160,58,0,2140,0,0
1985/8/1,LANDSLIDE,2,7,6,0,0,0,0,272,0,0
1985/8/1,LIGHTNING,1,0,0,0,0,0,0,0,0,0
1985/8/1,RAINS,1,0,2,0,0,2,0,0,0,0
1985/8/1,WINDSTORM,1,4,12,0,0,6,0,0,0,0
1985/9/1,EPIDEMIC,1,6,0,0,0,0,0,76,0,0
1985/9/1,FLASH FLOOD,4,22,21,0,20,61,0,2998,0,0
1985/9/1,FLOOD,1,4,17,0,29,42,0,863,0,0
1985/9/1,LANDSLIDE,1,3,0,0,0,0,0,0,0,0
1985/9/1,LIGHTNING,1,1,0,0,0,0,0,0,0,0
1985/10/1,EPIDEMIC,2,13,0,0,0,0,0,82,0,0
1985/10/1,FLOOD,3,31,167,0,169,211,0,4704,0,0
1985/10/1,LANDSLIDE,1,1,3,0,1,1,0,0,0,0
1985/11/1,EPIDEMIC,1,9,0,0,0,0,0,92,0,0
1985/12/1,AVALANCHE,1,2,0,0,4,17,0,0,0,0
1985/12/1,FLOOD,1,4,83,0,72,0,0,99,0,0
1986/1/1,EPIDEMIC,1,2,0,0,0,0,0,76,0,0
1986/2/1,EARTHQUAKE,1,9,93,0,172,328,0,0,0,0
1986/2/1,RAINS,2,2,1,0,1,3,0,0,0,0
1986/3/1,EPIDEMIC,1,7,0,0,0,0,0,86,0,0
1986/3/1,FLOOD,1,35,47,0,71,42,0,321,0,0
1986/3/1,LIGHTNING,1,0,0,0,0,4,0,0,0,0
1986/3/1,RAINS,2,1,0,0,3,1,0,0,0,0
1986/4/1,EARTHQUAKE,1,7,34,0,14,76,0,0,0,0
1986/4/1,EPIDEMIC,2,14,0,0,0,0,0,377,0,0
1986/4/1,FLOOD,1,7,3,0,48,0,0,89,0,0
1986/4/1,LIGHTNING,1,0,1,0,0,0,0,0,0,0
1986/4/1,RAINS,1,0,2,0,1,2,0,0,0,0
1986/5/1,EARTHQUAKE,1,13,278,0,38,98,0,247,0,0
1986/5/1,EPIDEMIC,2,13,0,0,0,0,0,175,0,0
1986/6/1,EPIDEMIC,4,26,0,0,0,0,0,452,0,0
1986/7/1,EPIDEMIC,1,3,0,0,0,0,0,165,0,0
1986/7/1,FLASH FLOOD,3,14,48,0,23,30,0,1701,0,0
1986/7/1,FLOOD,8,38,290,0,315,176,0,8169,0,0
1986/7/1,LANDSLIDE,3,7,15,0,1,0,0,378,0,0
1986/7/1,LIGHTNING,1,0,1,0,0,0,0,0,0,0
1986/7/1,RAINS,2,2,3,0,4,0,0,0,0,0
1986/8/1,EPIDEMIC,3,17,0,0,0,0,0,190,0,0
1986/8/1,FLASH FLOOD,4,13,79,0,80,202,0,2129,0,0
1986/8/1,FLOOD,5,32,129,0,147,142,0,4751,0,0
1986/8/1,LANDSLIDE,2,12,5,0,3,10,0,0,0,0
1986/8/1,LIGHTNING,2,0,0,0,0,2,0,0,0,0
1986/8/1,RAINS,1,2,0,0,0,0,0,0,0,0
1986/9/1,EPIDEMIC,3,12,0,0,0,0,0,188,0,0
1986/9/1,FLASH FLOOD,2,7,8,0,6,25,0,1109,0,0
1986/9/1,FLOOD,5,25,120,0,130,93,0,2508,0,0
1986/9/1,LANDSLIDE,1,0,2,0,0,0,0,0,0,0
1986/9/1,LIGHTNING,1,4,3,0,0,0,0,0,0,0
1986/9/1,RAINS,3,4,4,0,2,5,0,0,0,0
1986/10/1,FLASH FLOOD,4,20,77,0,44,56,0,2530,0,0
1986/10/1,FLOOD,5,20,168,0,162,154,0,1865,0,0
1986/10/1,LANDSLIDE,2,6,6,0,0,2,0,0,0,0
1986/10/1,LIGHTNING,2,1,0,0,0,0,0,0,0,0
1986/11/1,EPIDEMIC,1,3,0,0,0,0,0,78,0,0
1986/12/1,AVALANCHE,1,0,0,0,7,18,0,0,0,0
1986/12/1,FLOOD,1,4,22,0,38,0,0,85,0,0
1987/2/1,EPIDEMIC,2,17,0,0,0,0,0,379,0,0
1987/2/1,FLOOD,2,10,128,0,31,0,0,241,0,0
1987/2/1,LIGHTNING,1,0,0,0,0,3,0,0,0,0
1987/2/1,RAINS,1,1,0,0,0,3,0,0,0,0
1987/3/1,EPIDEMIC,2,14,0,0,0,0,0,467,0,0
1987/3/1,FLOOD,3,20,112,0,53,99,0,3094,0,0
1987/3/1,LANDSLIDE,1,3,3,0,0,0,0,163,0,0
1987/3/1,LIGHTNING,2,3,0,0,0,1,0,0,0,0
1987/3/1,RAINS,1,2,2,0,0,1,0,0,0,0
1987/4/1,EPIDEMIC,1,8,0,0,0,0,0,219,0,0
1987/4/1,LIGHTNING,1,0,0,0,0,0,0,0,0,0
1987/4/1,RAINS,1,0,0,0,1,3,0,0,0,0
1987/5/1,EPIDEMIC,2,8,0,0,0,0,0,332,0,0
1987/5/1,FLOOD,2,9,58,0,50,31,0,411,0,0
1987/6/1,EPIDEMIC,3,11,0,0,0,0,0,540,0,0
1987/6/1,FLOOD,1,2,25,0,8,0,0,374,0,0
1987/7/1,EARTHQUAKE,1,6,39,0,27,78,0,0,0,0
1987/7/1,EPIDEMIC,3,16,0,0,0,0,0,781,0,0
1987/7/1,FLASH FLOOD,5,27,79,0,58,104,0,2959,0,0
1987/7/1,FLOOD,5,24,205,0,111,159,0,6756,0,0
1987/7/1,LIGHTNING,1,2,5,0,0,2,0,0,0,0
1987/8/1,EARTHQUAKE,1,2,47,0,215,278,0,0,0,0
1987/8/1,EPIDEMIC,1,6,0,0,0,0,0,282,0,0
1987/8/1,FLASH FLOOD,5,27,116,0,46,174,0,3022,0,0
1987/8/1,FLOOD,5,64,217,0,149,242,0,9802,0,0
1987/8/1,LANDSLIDE,2,8,5,0,5,11,0,0,0,0
1987/8/1,LIGHTNING,4,1,0,0,0,8,0,0,0,0
1987/8/1,RAINS,3,1,5,0,1,2,0,0,0,0
1987/8/1,WINDSTORM,1,0,3,0,0,1,0,0,0,0
1987/9/1,EARTHQUAKE,1,90,367,0,134,381,0,678,0,0
1987/9/1,EPIDEMIC,2,8,0,0,0,0,0,288,0,0
1987/9/1,FLASH FLOOD,3,12,26,0,15,19,0,2178,0,0
1987/9/1,FLOOD,3,19,103,0,66,130,0,2415,0,0
1987/9/1,LIGHTNING,1,1,0,0,0,0,0,0,0,0
1987/9/1,RAINS,1,2,0,0,0,1,0,0,0,0
1987/9/1,WINDSTORM,1,3,21,0,0,4,0,0,0,0
1987/10/1,EARTHQUAKE,1,13,29,0,15,57,0,53,0,0
1987/10/1,EPIDEMIC,1,5,0,0,0,0,0,372,0,0
1987/10/1,FLOOD,1,8,38,0,28,43,0,247,0,0
1987/10/1,LANDSLIDE,3,4,9,0,4,4,0,0,0,0
1987/10/1,LIGHTNING,1,0,1,0,0,0,0,0,0,0
1987/10/1,RAINS,3,1,4,0,0,0,0,0,0,0
1987/11/1,EARTHQUAKE,1,88,243,0,218,269,0,426,0,0
1987/12/1,EARTHQUAKE,1,56,351,0,193,168,0,457,0,0
1988/1/1,EARTHQUAKE,1,2,27,0,3,39,0,543,0,0
1988/2/1,EARTHQUAKE,1,87,134,0,189,189,0,0,0,0
1988/2/1,EPIDEMIC,1,7,0,0,0,0,0,480,0,0
1988/2/1,FLOOD,1,5,21,0,14,95,0,257,0,0
1988/2/1,LIGHTNING,1,2,0,0,0,0,0,0,0,0
1988/2/1,RAINS,1,2,0,0,1,3,0,0,0,0
1988/3/1,EARTHQUAKE,2,14,348,0,166,333,0,346,0,0
1988/3/1,EPIDEMIC,3,16,0,0,0,0,0,1032,0,0
1988/3/1,FLOOD,2,40,79,0,109,36,0,1910,0,0
1988/3/1,LANDSLIDE,1,0,2,0,0,0,0,0,0,0
1988/3/1,LIGHTNING,1,0,0,0,0,5,0,0,0,0
1988/4/1,EPIDEMIC,1,5,0,0,0,0,0,285,0,0
1988/4/1,FLOOD,3,107,192,0,162,57,0,1988,0,0
1988/5/1,EARTHQUAKE,2,27,146,0,172,351,0,46,0,0
1988/5/1,EPIDEMIC,1,8,0,0,0,0,0,285,0,0
1988/5/1,FLOOD,2,22,48,0,92,36,0,2969,0,0
1988/6/1,EPIDEMIC,3,14,0,0,0,0,0,620,0,0
1988/6/1,FLOOD,1,2,22,0,9,0,0,358,0,0
1988/6/1,LANDSLIDE,1,1,5,0,0,0,0,472,0,0
1988/7/1,EARTHQUAKE,1,53,176,0,192,134,0,0,0,0
1988/7/1,EPIDEMIC,1,4,0,0,0,0,0,385,0,0
1988/7/1,FLASH FLOOD,1,2,3,0,7,41,0,353,0,0
1988/7/1,FLOOD,2,51,62,0,73,45,0,1637,0,0
1988/7/1,LANDSLIDE,1,1,0,0,0,2,0,0,0,0
1988/7/1,RAINS,4,2,3,0,2,2,0,0,0,0
1988/8/1,EPIDEMIC,3,16,0,0,0,0,0,649,0,0
1988/8/1,FLASH FLOOD,6,28,124,0,109,145,0,2414,0,0
1988/8/1,FLOOD,5,104,255,0,299,215,0,7424,0,0
1988/8/1,LANDSLIDE,2,1,1,0,1,3,0,0,0,0
1988/8/1,LIGHTNING,1,0,2,0,0,0,0,0,0,0
1988/8/1,RAINS,4,0,2,0,4,6,0,0,0,0
1988/9/1,FLASH FLOOD,4,17,135,0,25,65,0,1158,0,0
1988/9/1,FLOOD,5,108,270,0,292,163,0,7048,0,0
1988/9/1,LANDSLIDE,2,2,3,0,0,0,0,0,0,0
1988/9/1,LIGHTNING,1,0,0,0,0,2,0,0,0,0
1988/9/1,RAINS,2,4,3,0,1,4,0,0,0,0
1988/10/1,EPIDEMIC,1,2,0,0,0,0,0,274,0,0
1988/10/1,FLASH FLOOD,2,9,29,0,7,32,0,1275,0,0
1988/10/1,FLOOD,1,0,36,0,47,35,0,2858,0,0
1988/10/1,LANDSLIDE,1,0,4,0,1,0,0,0,0,0
1988/10/1,LIGHTNING,1,0,1,0,0,3,0,0,0,0
1988/11/1,AVALANCHE,1,2,7,0,9,17,0,0,0,0
1989/2/1,EPIDEMIC,1,5,0,0,0,0,0,742,0,0
1989/3/1,EPIDEMIC,1,6,0,0,0,0,0,742,0,0
1989/3/1,FLOOD,4,24,147,0,91,122,0,3440,0,0
1989/3/1,LANDSLIDE,1,0,1,0,0,0,0,0,0,0
1989/3/1,RAINS,2,3,1,0,2,0,0,0,0,0
1989/4/1,EPIDEMIC,2,11,0,0,0,0,0,995,0,0
1989/4/1,FLOOD,1,4,68,0,56,0,0,38,0,0
1989/4/1,LANDSLIDE,1,0,4,0,0,1,0,0,0,0
1989/4/1,LIGHTNING,1,0,0,0,0,0,0,0,0,0
1989/4/1,RAINS,1,0,3,0,0,1,0,0,0,0
1989/5/1,EPIDEMIC,2,13,0,0,0,0,0,1279,0,0
1989/5/1,FLOOD,1,4,79,0,4,0,0,363,0,0
1989/6/1,EARTHQUAKE,2,34,329,0,196,243,0,833,0,0
1989/6/1,EPIDEMIC,1,3,0,0,0,0,0,685,0,0
1989/6/1,FLOOD,2,11,74,0,38,91,0,3848,0,0
1989/6/1,WINDSTORM,1,2,5,0,0,2,0,0,0,0
1989/7/1,EARTHQUAKE,1,76,329,0,198,251,0,579,0,0
1989/7/1,EPIDEMIC,2,7,0,0,0,0,0,1099,0,0
1989/7/1,FLASH FLOOD,6,20,74,0,28,81,0,2367,0,0
1989/7/1,FLOOD,3,20,127,0,65,118,0,3451,0,0
1989/7/1,LANDSLIDE,1,0,2,0,1,2,0,0,0,0
1989/7/1,LIGHTNING,1,0,0,0,0,0,0,0,0,0
1989/7/1,WINDSTORM,1,3,3,0,0,4,0,0,0,0
1989/8/1,FLASH FLOOD,4,24,116,0,71,97,0,1040,0,0
1989/8/1,FLOOD,3,25,110,0,67,204,0,1910,0,0
1989/8/1,LANDSLIDE,3,7,7,0,1,2,0,236,0,0
1989/8/1,LIGHTNING,1,0,1,0,0,0,0,0,0,0
1989/8/1,RAINS,1,2,0,0,2,0,0,0,0,0
1989/8/1,WINDSTORM,1,0,6,0,0,4,0,0,0,0
1989/9/1,EARTHQUAKE,1,56,232,0,183,172,0,0,0,0
1989/9/1,EPIDEMIC,1,5,0,0,0,0,0,353,0,0
1989/9/1,FLASH FLOOD,2,12,26,0,46,59,0,127,0,0
1989/9/1,FLOOD,5,72,239,0,154,323,0,5428,0,0
1989/9/1,LANDSLIDE,2,2,3,0,6,1,0,0,0,0
1989/9/1,LIGHTNING,1,3,0,0,0,4,0,0,0,0
1989/10/1,EARTHQUAKE,1,1,37,0,7,51,0,0,0,0
1989/10/1,EPIDEMIC,1,3,0,0,0,0,0,357,0,0
1989/10/1,FLASH FLOOD,1,6,2,0,9,3,0,125,0,0
1989/10/1,FLOOD,2,24,42,0,47,72,0,1717,0,0
1989/11/1,EARTHQUAKE,1,11,49,0,23,84,0,0,0,0
1989/12/1,AVALANCHE,1,4,18,0,2,7,0,0,0,0
1989/12/1,FLOOD,1,3,79,0,53,0,0,95,0,0
1990/2/1,FLOOD,1,5,73,0,48,0,0,157,0,0
1990/2/1,LIGHTNING,1,0,0,0,0,2,0,0,0,0
1990/2/1,RAINS,1,1,0,0,1,3,0,0,0,0
1990/3/1,EPIDEMIC,1,7,0,0,0,0,0,268,0,0
1990/3/1,FLOOD,3,17,194,0,166,11,0,1154,0,0
1990/3/1,LANDSLIDE,1,0,1,0,2,1,0,0,0,0
1990/3/1,LIGHTNING,2,0,1,0,0,2,0,0,0,0
1990/3/1,RAINS,2,4,2,0,1,3,0,0,0,0
1990/4/1,FLOOD,2,10,102,0,81,0,0,834,0,0
1990/4/1,LANDSLIDE,2,0,4,0,0,0,0,0,0,0
1990/4/1,RAINS,2,1,5,0,0,4,0,0,0,0
1990/5/1,EPIDEMIC,1,5,0,0,0,0,0,375,0,0
1990/5/1,FLOOD,1,3,33,0,58,0,0,164,0,0
1990/6/1,EARTHQUAKE,1,59,289,0,210,235,0,875,0,0
1990/6/1,EPIDEMIC,3,15,0,0,0,0,0,898,0,0
1990/6/1,FLOOD,1,4,63,0,54,0,0,89,0,0
1990/6/1,WINDSTORM,1,1,8,0,0,6,0,0,0,0
1990/7/1,EPIDEMIC,1,4,0,0,0,0,0,158,0,0
1990/7/1,FLASH FLOOD,4,24,78,0,24,45,0,2153,0,0
1990/7/1,FLOOD,2,12,70,0,132,78,0,2032,0,0
1990/7/1,LANDSLIDE,2,3,1,0,2,0,0,0,0,0
1990/7/1,LIGHTNING,1,0,0,0,0,3,0,0,0,0
1990/7/1,RAINS,2,0,2,0,1,0,0,0,0,0
1990/8/1,EARTHQUAKE,1,2,35,0,13,38,0,0,0,0
1990/8/1,FLASH FLOOD,4,19,43,0,23,112,0,2399,0,0
1990/8/1,FLOOD,6,35,235,0,228,126,0,4402,0,0
1990/8/1,LANDSLIDE,3,7,5,0,0,0,0,371,0,0
1990/8/1,LIGHTNING,1,0,1,0,0,0,0,0,0,0
1990/8/1,RAINS,1,2,2,0,2,2,0,0,0,0
1990/9/1,FLASH FLOOD,2,7,61,0,26,74,0,999,0,0
1990/9/1,FLOOD,4,28,170,0,204,142,0,5287,0,0
1990/9/1,LANDSLIDE,1,0,1,0,0,0,0,0,0,0
1990/9/1,LIGHTNING,2,0,0,0,0,4,0,0,0,0
1990/9/1,RAINS,3,0,5,0,2,7,0,0,0,0
1990/10/1,EARTHQUAKE,1,18,280,0,219,209,0,324,0,0
1990/10/1,EPIDEMIC,1,2,0,0,0,0,0,175,0,0
1990/10/1,FLASH FLOOD,3,18,47,0,48,94,0,1456,0,0
1990/10/1,FLOOD,2,11,55,0,88,30,0,1694,0,0
1990/10/1,LANDSLIDE,3,2,8,0,0,3,0,0,0,0
1990/10/1,LIGHTNING,2,9,2,0,0,0,0,0,0,0
1990/11/1,AVALANCHE,1,6,9,0,4,6,0,0,0,0
1990/11/1,EPIDEMIC,1,5,0,0,0,0,0,356,0,0
1990/12/1,EARTHQUAKE,1,33,368,0,173,210,0,543,0,0
1991/1/1,EARTHQUAKE,2,30,311,0,195,306,0,887,0,0
1991/1/1,EPIDEMIC,1,9,0,0,0,0,0,648,0,0
1991/1/1,LANDSLIDE,1,1,0,0,0,1,0,0,0,0
1991/2/1,EPIDEMIC,1,5,0,0,0,0,0,426,0,0
1991/2/1,RAINS,1,2,0,0,0,3,0,0,0,0
1991/3/1,EARTHQUAKE,1,26,249,0,217,428,0,738,0,0
1991/3/1,EPIDEMIC,1,7,0,0,0,0,0,852,0,0
1991/3/1,FLOOD,3,14,188,0,143,46,0,2211,0,0
1991/3/1,RAINS,2,2,5,0,2,2,0,0,0,0
1991/4/1,EARTHQUAKE,1,13,134,0,137,276,0,467,0,0
1991/4/1,EPIDEMIC,1,2,0,0,0,0,0,646,0,0
1991/4/1,FLOOD,2,6,158,0,11,0,0,611,0,0
1991/4/1,LANDSLIDE,1,1,1,0,0,0,0,0,0,0
1991/5/1,EARTHQUAKE,1,19,132,0,198,25,0,878,0,0
1991/5/1,EPIDEMIC,2,9,0,0,0,0,0,888,0,0
1991/5/1,FLOOD,2,6,153,0,100,0,0,153,0,0
1991/6/1,EPIDEMIC,2,10,0,0,0,0,0,805,0,0
1991/6/1,FLASH FLOOD,1,1,5,0,2,25,0,543,0,0
1991/6/1,FLOOD,1,7,57,0,47,32,0,1438,0,0
1991/6/1,WINDSTORM,1,2,24,0,2,3,0,0,0,0
1991/7/1,EPIDEMIC,2,11,0,0,0,0,0,791,0,0
1991/7/1,FLASH FLOOD,1,6,6,0,5,16,0,546,0,0
1991/7/1,FLOOD,3,22,146,0,113,124,0,4094,0,0
1991/7/1,LANDSLIDE,2,4,7,0,0,0,0,283,0,0
1991/7/1,LIGHTNING,1,2,0,0,0,0,0,0,0,0
1991/7/1,WINDSTORM,1,3,7,0,1,4,0,0,0,0
1991/8/1,EPIDEMIC,1,4,0,0,0,0,0,342,0,0
1991/8/1,FLASH FLOOD,2,12,30,0,8,34,0,836,0,0
1991/8/1,FLOOD,3,22,130,0,165,103,0,4382,0,0
1991/8/1,LIGHTNING,1,0,0,0,0,3,0,0,0,0
1991/8/1,RAINS,1,0,2,0,3,2,0,0,0,0
1991/9/1,EARTHQUAKE,1,20,276,0,32,79,0,874,0,0
1991/9/1,EPIDEMIC,1,3,0,0,0,0,0,646,0,0
1991/9/1,FLASH FLOOD,2,14,30,0,17,10,0,610,0,0
1991/9/1,FLOOD,5,22,207,0,330,344,0,6853,0,0
1991/9/1,LANDSLIDE,1,0,3,0,0,0,0,0,0,0
1991/9/1,LIGHTNING,1,1,5,0,0,0,0,0,0,0
1991/9/1,RAINS,3,1,2,0,3,0,0,0,0,0
1991/10/1,EPIDEMIC,1,3,0,0,0,0,0,317,0,0
1991/10/1,FLASH FLOOD,7,48,145,0,67,127,0,4044,0,0
1991/10/1,LIGHTNING,1,0,0,0,0,0,0,0,0,0
1991/10/1,RAINS,3,4,3,0,5,3,0,0,0,0
1991/11/1,EPIDEMIC,1,5,0,0,0,0,0,174,0,0
1991/12/1,EPIDEMIC,1,7,0,0,0,0,0,678,0,0
1992/1/1,AVALANCHE,1,0,13,0,6,14,0,0,0,0
1992/1/1,EARTHQUAKE,1,25,265,0,69,174,0,874,0,0
1992/2/1,EARTHQUAKE,1,29,246,0,76,268,0,689,0,0
1992/2/1,EPIDEMIC,1,6,0,0,0,0,0,1375,0,0
1992/2/1,RAINS,1,1,0,0,0,2,0,0,0,0
1992/3/1,EPIDEMIC,2,11,0,0,0,0,0,710,0,0
1992/3/1,LANDSLIDE,1,1,1,0,0,0,0,0,0,0
1992/3/1,LIGHTNING,2,0,3,0,0,4,0,0,0,0
1992/3/1,RAINS,2,1,2,0,1,3,0,1,0,0
1992/4/1,EPIDEMIC,1,9,0,0,0,0,0,163,0,0
1992/4/1,LANDSLIDE,2,5,8,0,1,0,0,258,0,0
1992/4/1,LIGHTNING,1,3,0,0,0,0,0,0,0,0
1992/4/1,RAINS,1,1,2,0,0,4,0,0,0,0
1992/5/1,EPIDEMIC,1,4,0,0,0,0,0,256,0,0
1992/6/1,EPIDEMIC,1,3,0,0,0,0,0,756,0,0
1992/6/1,FLASH FLOOD,1,9,13,0,7,24,0,479,0,0
1992/6/1,WINDSTORM,1,0,9,0,2,7,0,0,0,0
1992/7/1,EARTHQUAKE,1,2,21,0,38,128,0,43,0,0
1992/7/1,EPIDEMIC,1,6,0,0,0,0,0,357,0,0
1992/7/1,FLASH FLOOD,1,6,2,0,7,6,0,374,0,0
1992/7/1,LANDSLIDE,1,4,0,0,0,0,0,0,0,0
1992/7/1,LIGHTNING,1,0,3,0,0,4,0,0,0,0
1992/7/1,RAINS,2,0,1,0,2,3,0,0,0,0
1992/7/1,WINDSTORM,1,4,12,0,2,4,0,0,0,0
1992/8/1,EPIDEMIC,1,3,0,0,0,0,0,756,0,0
1992/8/1,FLASH FLOOD,5,36,94,0,33,89,0,3927,0,0
1992/8/1,LANDSLIDE,1,0,3,0,1,2,0,0,0,0
1992/8/1,LIGHTNING,2,0,0,0,0,0,0,0,0,0
1992/9/1,EARTHQUAKE,1,3,11,0,2,14,0,864,0,0
1992/9/1,FLASH FLOOD,3,20,30,0,45,44,0,2284,0,0
1992/9/1,FLOOD,31,904,1926,0,1610,5981,0,121638,0,0
1992/9/1,LANDSLIDE,1,0,2,0,0,0,0,0,0,0
1992/9/1,LIGHTNING,1,1,0,0,0,0,0,0,0,0
1992/9/1,RAINS,1,2,3,0,0,3,0,0,0,0
1992/10/1,EARTHQUAKE,1,39,306,0,97,316,0,358,0,0
1992/10/1,FLASH FLOOD,3,17,67,0,32,63,0,1995,0,0
1992/10/1,LANDSLIDE,1,1,0,0,4,0,0,0,0,0
1992/10/1,RAINS,3,1,4,0,3,2,0,0,0,0
1992/11/1,EPIDEMIC,1,7,0,0,0,0,0,790,0,0
1993/1/1,AVALANCHE,1,3,9,0,3,8,0,0,0,0
1993/1/1,EPIDEMIC,1,1,0,0,0,0,0,632,0,0
1993/2/1,EARTHQUAKE,1,31,110,0,143,289,0,642,0,0
1993/2/1,EPIDEMIC,1,4,0,0,0,0,0,246,0,0
1993/2/1,LIGHTNING,1,0,2,0,0,3,0,0,0,0
1993/2/1,RAINS,3,0,3,0,2,3,0,0,0,0
1993/3/1,EPIDEMIC,2,11,0,0,0,0,0,1613,0,0
1993/3/1,FLOOD,1,9,38,0,48,13,0,2589,0,0
1993/3/1,LANDSLIDE,2,7,4,0,0,1,0,0,0,0
1993/3/1,LIGHTNING,2,7,0,0,0,2,0,0,0,0
1993/4/1,EARTHQUAKE,1,1,12,0,7,58,0,589,0,0
1993/4/1,FLOOD,2,8,123,0,92,19,0,2326,0,0
1993/4/1,LIGHTNING,2,3,0,0,0,6,0,0,0,0
1993/5/1,EARTHQUAKE,1,52,258,0,110,235,0,765,0,0
1993/5/1,EPIDEMIC,3,17,0,0,0,0,0,1410,0,0
1993/6/1,EARTHQUAKE,1,41,217,0,193,38,0,0,0,0
1993/6/1,EPIDEMIC,1,2,0,0,0,0,0,743,0,0
1993/6/1,FLOOD,2,7,77,0,58,15,0,2481,0,0
1993/7/1,EARTHQUAKE,1,13,178,0,152,261,0,0,0,0
1993/7/1,EPIDEMIC,2,9,0,0,0,0,0,699,0,0
1993/7/1,FLASH FLOOD,5,35,99,0,95,117,0,3504,0,0
1993/7/1,FLOOD,4,30,76,0,206,151,0,1900,0,0
1993/7/1,LANDSLIDE,1,1,2,0,0,0,0,0,0,0
1993/7/1,LIGHTNING,3,2,2,0,0,2,0,0,0,0
1993/7/1,RAINS,1,2,0,0,3,0,0,0,0,0
1993/7/1,WINDSTORM,1,2,5,0,0,5,0,0,0,0
1993/8/1,EPIDEMIC,3,17,0,0,0,0,0,1457,0,0
1993/8/1,FLASH FLOOD,1,1,5,0,6,4,0,974,0,0
1993/8/1,FLOOD,5,32,123,0,158,121,0,8836,0,0
1993/8/1,LANDSLIDE,2,0,4,0,0,0,0,0,0,0
1993/8/1,LIGHTNING,2,0,1,0,0,4,0,0,0,0
1993/8/1,RAINS,2,1,2,0,2,1,0,0,0,0
1993/9/1,EPIDEMIC,1,3,0,0,0,0,0,246,0,0
1993/9/1,FLASH FLOOD,6,34,57,0,36,77,0,3645,0,0
1993/9/1,FLOOD,8,82,219,6,308,317,0,13270,0,0
1993/9/1,LANDSLIDE,2,1,9,0,2,1,0,179,0,0
1993/9/1,LIGHTNING,1,0,0,0,0,0,0,0,0,0
1993/9/1,RAINS,1,0,0,0,2,4,0,0,0,0
1993/10/1,EPIDEMIC,1,4,0,0,0,0,0,953,0,0
1993/10/1,FLASH FLOOD,1,6,6,0,6,43,0,357,0,0
1993/10/1,FLOOD,1,6,24,0,36,28,0,799,0,0
1993/10/1,LANDSLIDE,1,1,0,0,0,0,0,0,0,0
1993/10/1,LIGHTNING,1,0,0,0,0,0,0,0,0,0
1993/11/1,EARTHQUAKE,1,12,154,0,97,291,0,176,0,0
1993/11/1,EPIDEMIC,1,5,0,0,0,0,0,865,0,0
1993/12/1,EPIDEMIC,1,4,0,0,0,0,0,175,0,0
1994/2/1,EARTHQUAKE,1,0,12,0,4,68,0,468,0,0
1994/2/1,EPIDEMIC,2,8,0,0,0,0,0,1354,0,0
1994/2/1,LIGHTNING,1,0,0,0,0,0,0,0,0,0
1994/3/1,EPIDEMIC,2,11,0,0,0,0,0,732,0,0
1994/3/1,FLOOD,1,4,25,0,22,49,0,57,0,0
1994/3/1,LANDSLIDE,1,5,2,0,3,3,0,0,0,0
1994/3/1,LIGHTNING,1,0,0,0,0,0,0,0,0,0
1994/4/1,EPIDEMIC,1,6,0,0,0,0,0,421,0,0
1994/4/1,FLOOD,1,2,42,0,27,49,0,87,0,0
1994/4/1,LANDSLIDE,1,1,2,0,0,0,0,0,0,0
1994/4/1,LIGHTNING,2,0,4,0,0,0,0,0,0,0
1994/4/1,RAINS,2,1,1,0,3,4,0,0,0,0
1994/5/1,EARTHQUAKE,1,0,3,0,9,37,0,45,0,0
1994/5/1,EPIDEMIC,2,10,0,0,0,0,0,738,0,0
1994/6/1,EARTHQUAKE,1,36,210,0,178,351,0,0,0,0
1994/6/1,FLOOD,2,7,159,0,27,36,0,271,0,0
1994/6/1,RAINS,1,1,0,0,0,1,0,0,0,0
1994/6/1,WINDSTORM,1,0,8,0,0,2,0,0,0,0
1994/7/1,EPIDEMIC,1,6,0,0,0,0,0,57,0,0
1994/7/1,FLASH FLOOD,5,26,95,0,53,95,0,2638,0,0
1994/7/1,FLOOD,5,29,228,0,145,273,0,14534,0,0
1994/7/1,LANDSLIDE,3,6,15,0,3,0,0,247,0,0
1994/7/1,LIGHTNING,1,0,0,0,0,0,0,0,0,0
1994/7/1,RAINS,1,0,0,0,2,0,0,0,0,0
1994/7/1,WINDSTORM,2,1,14,0,1,7,0,0,0,0
1994/8/1,EPIDEMIC,2,15,0,0,0,0,0,819,0,0
1994/8/1,FLASH FLOOD,5,29,119,0,32,136,0,2933,0,0
1994/8/1,FLOOD,6,36,271,0,143,298,0,8322,0,0
1994/8/1,LANDSLIDE,1,0,4,0,0,4,0,0,0,0
1994/8/1,LIGHTNING,1,3,2,0,0,3,0,0,0,0
1994/8/1,RAINS,1,0,3,0,0,1,0,0,0,0
1994/9/1,FLOOD,4,23,260,2,107,194,0,6611,0,0
1994/9/1,LANDSLIDE,2,0,3,0,0,0,0,0,0,0
1994/9/1,LIGHTNING,2,0,4,0,0,2,0,0,0,0
1994/9/1,RAINS,1,1,0,0,2,0,0,0,0,0
1994/10/1,EARTHQUAKE,1,16,167,0,167,243,0,0,0,0
1994/10/1,FLASH FLOOD,3,20,17,0,19,30,0,2013,0,0
1994/10/1,FLOOD,2,17,142,0,75,100,0,2852,0,0
1994/10/1,LANDSLIDE,1,2,0,0,0,5,0,0,0,0
1994/10/1,LIGHTNING,2,2,3,0,0,4,0,0,0,0
1994/10/1,RAINS,4,3,2,0,3,6,0,0,0,0
1994/12/1,EARTHQUAKE,1,49,256,0,184,367,0,567,0,0
1994/12/1,FLOOD,1,4,56,0,3,0,0,247,0,0
1995/2/1,EARTHQUAKE,1,27,313,0,56,215,0,372,0,0
1995/2/1,FLOOD,1,3,79,0,22,0,0,1207,0,0
1995/2/1,LIGHTNING,1,0,3,0,0,2,0,0,0,0
1995/2/1,RAINS,1,1,0,0,1,0,0,0,0,0
1995/3/1,EPIDEMIC,1,6,0,0,0,0,0,105,0,0
1995/3/1,LIGHTNING,1,0,0,0,0,0,0,0,0,0
1995/3/1,RAINS,2,2,2,0,1,2,0,0,0,0
1995/4/1,EARTHQUAKE,1,21,258,0,32,93,0,347,0,0
1995/4/1,FLOOD,1,3,43,0,13,19,0,56,0,0
1995/4/1,LANDSLIDE,1,7,0,0,0,0,0,0,0,0
1995/4/1,RAINS,2,3,0,0,0,5,0,0,0,0
1995/5/1,EPIDEMIC,2,7,0,0,0,0,0,160,0,0
1995/6/1,EARTHQUAKE,1,15,143,0,191,265,0,0,0,0
1995/6/1,EPIDEMIC,1,6,0,0,0,0,0,73,0,0
1995/6/1,WINDSTORM,1,0,5,0,0,3,0,0,0,0
1995/7/1,EPIDEMIC,1,4,0,0,0,0,0,186,0,0
1995/7/1,FLASH FLOOD,3,9,40,0,20,54,0,1664,0,0
1995/7/1,FLOOD,8,47,303,0,349,294,0,6799,0,0
1995/7/1,LANDSLIDE,1,1,0,0,0,2,0,0,0,0
1995/7/1,LIGHTNING,1,1,0,0,0,0,0,0,0,0
1995/7/1,RAINS,2,3,3,0,2,3,0,0,0,0
1995/7/1,WINDSTORM,1,1,13,0,0,3,0,0,0,0
1995/8/1,FLASH FLOOD,4,15,114,0,66,112,0,2347,0,0
1995/8/1,FLOOD,7,40,394,0,375,416,0,13472,0,0
1995/8/1,LANDSLIDE,1,0,5,0,0,5,0,0,0,0
1995/8/1,LIGHTNING,1,3,0,0,0,0,0,0,0,0
1995/8/1,RAINS,3,3,2,0,1,1,0,0,0,0
1995/8/1,WINDSTORM,2,2,19,0,1,8,0,0,0,0
1995/9/1,EPIDEMIC,1,4,0,0,0,0,0,864,0,0
1995/9/1,FLASH FLOOD,3,20,34,0,20,38,0,1733,0,0
1995/9/1,FLOOD,5,29,216,0,242,284,0,5759,0,0
1995/9/1,LANDSLIDE,2,8,10,0,0,0,0,368,0,0
1995/9/1,LIGHTNING,1,4,0,0,0,0,0,0,0,0
1995/9/1,RAINS,2,2,5,0,4,2,0,0,0,0
1995/10/1,EPIDEMIC,1,3,0,0,0,0,0,64,0,0
1995/10/1,FLASH FLOOD,3,11,60,0,15,29,0,2097,0,0
1995/10/1,FLOOD,2,10,127,0,138,82,0,4943,0,0
1996/2/1,LIGHTNING,1,0,0,0,0,0,0,0,0,0
1996/3/1,LANDSLIDE,1,0,3,0,0,1,0,0,0,0
1996/3/1,RAINS,2,3,2,0,2,4,0,0,0,0
1996/4/1,FLOOD,1,3,75,0,3,0,0,268,0,0
1996/4/1,LANDSLIDE,2,3,6,0,0,0,0,263,0,0
1996/4/1,LIGHTNING,1,2,5,0,0,3,0,0,0,0
1996/4/1,RAINS,1,0,0,0,1,3,0,0,0,0
1996/6/1,WINDSTORM,1,3,6,0,0,5,0,0,0,0
1996/7/1,EARTHQUAKE,1,47,204,0,156,149,0,0,0,0
1996/7/1,FLASH FLOOD,5,25,87,0,51,76,0,2384,0,0
1996/7/1,FLOOD,5,25,248,0,162,292,0,10112,0,0
1996/7/1,LANDSLIDE,3,6,4,0,1,0,0,0,0,0
1996/7/1,LIGHTNING,2,4,6,0,0,1,0,0,0,0
1996/7/1,RAINS,1,2,2,0,2,2,0,0,0,0
1996/8/1,EARTHQUAKE,1,1,13,0,3,81,0,45,0,0
1996/8/1,FLASH FLOOD,3,13,80,0,45,103,0,1611,0,0
1996/8/1,FLOOD,5,24,173,0,158,235,0,6231,0,0
1996/8/1,LANDSLIDE,2,1,5,0,3,2,0,0,0,0
1996/8/1,LIGHTNING,1,0,0,0,0,0,0,0,0,0
1996/8/1,RAINS,5,4,5,0,6,5,0,0,0,0
1996/9/1,EARTHQUAKE,1,0,31,0,13,69,0,0,0,0
1996/9/1,FLASH FLOOD,5,18,21,0,21,51,0,2438,0,0
1996/9/1,FLOOD,7,35,292,1,182,489,0,21696,0,0
1996/9/1,LANDSLIDE,1,5,4,0,0,0,0,0,0,0
1996/9/1,LIGHTNING,1,3,0,0,0,0,0,0,0,0
1996/9/1,RAINS,2,2,5,0,0,2,0,0,0,0
1996/9/1,WINDSTORM,2,0,9,0,0,5,0,0,0,0
1996/10/1,EPIDEMIC,15,67,0,0,0,0,0,5201,0,0
1996/10/1,FLOOD,4,49,330,0,238,106,0,2011,0,0
1996/10/1,LANDSLIDE,1,3,0,0,0,3,0,0,0,0
1996/10/1,LIGHTNING,1,0,0,0,0,0,0,0,0,0
1996/10/1,RAINS,1,0,0,0,2,4,0,0,0,0
1996/11/1,AVALANCHE,1,3,17,0,4,6,0,0,0,0
1996/11/1,EARTHQUAKE,1,56,319,0,217,296,0,544,0,0
1996/12/1,EARTHQUAKE,1,28,116,0,94,153,0,435,0,0
NA,FLOOD,1,8,34,0,18,64,0,1478,0,0
1997/1/1,EARTHQUAKE,1,36,369,0,58,146,0,536,0,0
1997/2/1,EARTHQUAKE,1,0,46,0,13,85,0,0,0,0
1997/2/1,EPIDEMIC,1,6,0,0,0,0,0,185,0,0
1997/2/1,RAINS,1,2,2,0,0,2,0,0,0,0
1997/3/1,EARTHQUAKE,1,24,143,0,178,142,0,0,0,0
1997/3/1,LANDSLIDE,1,0,6,0,0,4,0,0,0,0
1997/3/1,LIGHTNING,2,0,2,0,0,1,0,0,0,0
1997/3/1,RAINS,3,4,0,0,3,4,0,0,0,0
1997/4/1,EARTHQUAKE,2,16,146,0,159,420,0,33,0,0
1997/4/1,EPIDEMIC,1,7,0,0,0,0,0,56,0,0
1997/4/1,FLOOD,1,5,58,0,2,0,0,257,0,0
1997/4/1,LANDSLIDE,2,3,7,0,3,0,0,0,0,0
1997/4/1,LIGHTNING,1,5,0,0,0,0,0,0,0,0
1997/5/1,EPIDEMIC,1,4,0,0,0,0,0,89,0,0
1997/5/1,FLOOD,1,7,15,0,3,0,0,578,0,0
1997/6/1,EPIDEMIC,3,18,0,0,0,0,0,777,0,0
1997/7/1,EARTHQUAKE,1,16,243,0,132,276,0,0,0,0
1997/7/1,EPIDEMIC,1,2,0,0,0,0,0,86,0,0
1997/7/1,FLASH FLOOD,4,20,44,0,21,67,0,2029,0,0
1997/7/1,FLOOD,5,22,225,0,272,245,0,4732,0,0
1997/7/1,LIGHTNING,1,6,1,0,0,1,0,0,0,0
1997/7/1,WINDSTORM,2,1,14,0,0,6,0,0,0,0
1997/8/1,FLASH FLOOD,4,22,98,0,21,70,0,2847,0,0
1997/8/1,FLOOD,7,38,258,0,346,254,0,3791,0,0
1997/8/1,LANDSLIDE,1,0,5,0,0,0,0,0,0,0
1997/8/1,LIGHTNING,1,0,0,0,0,0,0,0,0,0
1997/8/1,RAINS,2,0,3,0,2,1,0,0,0,0
1997/9/1,EARTHQUAKE,1,39,253,0,98,198,0,554,0,0
1997/9/1,EPIDEMIC,2,12,0,0,0,0,0,932,0,0
1997/9/1,FLASH FLOOD,2,11,41,0,26,53,0,1326,0,0
1997/9/1,FLOOD,5,28,156,0,200,265,0,8056,0,0
1997/9/1,LANDSLIDE,4,7,3,0,1,7,0,279,0,0
1997/9/1,RAINS,1,0,0,0,1,0,0,0,0,0
1997/10/1,EPIDEMIC,1,1,0,0,0,0,0,689,0,0
1997/10/1,FLASH FLOOD,3,21,94,0,63,43,0,1431,0,0
1997/10/1,FLOOD,1,5,33,0,11,0,0,373,0,0
1997/10/1,LANDSLIDE,1,1,1,0,0,0,0,0,0,0
1997/10/1,LIGHTNING,1,0,0,0,0,6,0,0,0,0
1997/11/1,AVALANCHE,1,5,20,0,4,9,0,0,0,0
1997/12/1,AVALANCHE,1,6,9,0,4,16,0,0,0,0
1998/1/1,AVALANCHE,1,0,6,0,3,8,0,0,0,0
1998/1/1,EPIDEMIC,1,2,0,0,0,0,0,775,0,0
1998/2/1,EARTHQUAKE,2,68,494,0,220,304,0,780,0,0
1998/2/1,LANDSLIDE,1,4,0,0,2,0,0,0,0,0
1998/2/1,LIGHTNING,1,2,4,0,0,0,0,0,0,0
1998/2/1,RAINS,1,3,0,0,0,0,0,0,0,0
1998/3/1,EARTHQUAKE,1,38,325,0,195,257,0,897,0,0
1998/3/1,LANDSLIDE,1,0,3,0,0,7,0,0,0,0
1998/3/1,RAINS,2,2,2,0,2,2,0,0,0,0
1998/4/1,EPIDEMIC,2,9,0,0,0,0,0,629,0,0
1998/4/1,LANDSLIDE,1,2,2,0,0,2,0,0,0,0
1998/4/1,LIGHTNING,1,1,3,0,0,0,0,0,0,0
1998/4/1,RAINS,2,3,3,0,2,0,0,0,0,0
1998/5/1,FLOOD,1,5,97,0,27,42,0,75,0,0
1998/6/1,EPIDEMIC,3,16,0,0,0,0,0,1068,0,0
1998/6/1,FLOOD,2,7,57,0,56,99,0,2066,0,0
1998/6/1,WINDSTORM,1,0,10,0,3,1,0,0,0,0
1998/7/1,EARTHQUAKE,1,35,263,0,89,137,0,357,0,0
1998/7/1,EPIDEMIC,1,6,0,0,0,0,0,863,0,0
1998/7/1,FLASH FLOOD,1,6,4,0,4,13,0,747,0,0
1998/7/1,FLOOD,4,25,179,0,143,165,0,5201,0,0
1998/7/1,LANDSLIDE,2,13,9,0,0,0,0,174,0,0
1998/7/1,RAINS,2,3,1,0,0,0,0,0,0,0
1998/8/1,EPIDEMIC,1,3,0,0,0,0,0,83,0,0
1998/8/1,FLASH FLOOD,7,47,153,0,76,123,0,4716,0,0
1998/8/1,FLOOD,5,20,202,0,141,237,0,5593,0,0
1998/8/1,LANDSLIDE,2,4,6,0,1,0,0,0,0,0
1998/8/1,LIGHTNING,1,0,1,0,0,3,0,0,0,0
1998/8/1,RAINS,2,1,1,0,0,3,0,0,0,0
1998/9/1,EPIDEMIC,1,3,0,0,0,0,0,637,0,0
1998/9/1,FLASH FLOOD,2,9,17,0,11,41,0,1226,0,0
1998/9/1,FLOOD,6,29,187,6,273,351,0,16804,0,0
1998/9/1,LANDSLIDE,2,0,7,0,6,10,0,0,0,0
1998/9/1,LIGHTNING,1,1,0,0,0,0,0,0,0,0
1998/9/1,RAINS,1,0,0,0,2,2,0,0,0,0
1998/10/1,EARTHQUAKE,1,27,144,0,184,259,0,0,0,0
1998/10/1,FLASH FLOOD,3,17,37,0,15,33,0,1397,0,0
1998/10/1,FLOOD,3,10,97,0,164,106,0,2815,0,0
1998/10/1,LANDSLIDE,1,5,1,0,0,1,0,0,0,0
1998/10/1,RAINS,1,1,0,0,0,0,0,0,0,0
1998/11/1,EPIDEMIC,1,7,0,0,0,0,0,168,0,0
1998/12/1,EARTHQUAKE,1,2,34,0,21,42,0,0,0,0
1998/12/1,FLOOD,1,4,43,0,56,0,0,57,0,0
1999/1/1,CYCLONE,1,450,0,0,0,1500,0,0,0,0
1999/1/1,AVALANCHE,1,2,16,0,8,14,0,0,0,0
1999/1/1,EARTHQUAKE,1,27,167,0,127,213,0,0,0,0
1999/2/1,EPIDEMIC,2,8,0,0,0,0,0,869,0,0
1999/2/1,FLOOD,2,13,63,0,62,79,0,527,0,0
1999/2/1,LIGHTNING,1,0,0,0,0,0,0,0,0,0
1999/2/1,RAINS,1,0,2,0,1,0,0,0,0,0
1999/3/1,EPIDEMIC,1,3,0,0,0,0,0,258,0,0
1999/3/1,LANDSLIDE,3,9,6,0,1,0,0,472,0,0
1999/3/1,LIGHTNING,1,0,0,0,0,1,0,0,0,0
1999/3/1,RAINS,1,0,2,0,2,0,0,0,0,0
1999/4/1,EARTHQUAKE,1,1,13,0,14,74,0,76,0,0
1999/4/1,EPIDEMIC,2,12,0,0,0,0,0,526,0,0
1999/4/1,FLOOD,1,7,17,0,4,0,0,366,0,0
1999/4/1,LIGHTNING,1,4,4,0,0,0,0,0,0,0
1999/4/1,RAINS,1,0,2,0,0,3,0,0,0,0
1999/5/1,EPIDEMIC,3,14,0,0,0,0,0,167,0,0
1999/5/1,FLOOD,1,9,15,0,6,0,0,369,0,0
1999/6/1,EPIDEMIC,1,7,0,0,0,0,0,96,0,0
1999/6/1,FLASH FLOOD,1,4,25,0,35,19,0,358,0,0
1999/6/1,FLOOD,2,11,96,0,51,102,0,1544,0,0
1999/7/1,EPIDEMIC,1,5,0,0,0,0,0,36,0,0
1999/7/1,FLASH FLOOD,5,23,80,0,38,57,0,3765,0,0
1999/7/1,FLOOD,9,54,436,0,305,520,0,6712,0,0
1999/7/1,LANDSLIDE,1,3,0,0,0,2,0,0,0,0
1999/7/1,LIGHTNING,2,4,7,0,0,6,0,0,0,0
1999/7/1,RAINS,1,2,1,0,0,0,0,0,0,0
1999/7/1,WINDSTORM,1,0,7,0,0,4,0,0,0,0
1999/8/1,FLOOD,3,15,163,0,80,192,0,5608,0,0
1999/8/1,LANDSLIDE,2,3,0,0,5,0,0,0,0,0
1999/8/1,LIGHTNING,2,0,0,0,0,0,0,0,0,0
1999/9/1,FLASH FLOOD,4,21,69,0,34,111,0,2078,0,0
1999/9/1,FLOOD,4,27,148,0,109,192,0,5247,0,0
1999/9/1,LANDSLIDE,1,0,2,0,0,0,0,0,0,0
1999/9/1,LIGHTNING,1,2,3,0,0,0,0,0,0,0
1999/9/1,WINDSTORM,1,0,6,0,0,4,0,0,0,0
1999/10/1,FLASH FLOOD,3,24,116,0,13,46,0,1009,0,0
1999/10/1,FLOOD,3,18,110,0,134,163,0,2773,0,0
1999/10/1,LANDSLIDE,1,0,1,0,2,1,0,0,0,0
1999/10/1,LIGHTNING,1,0,0,0,0,0,0,0,0,0
1999/10/1,RAINS,4,5,1,0,2,6,0,0,0,0
2000/1/1,AVALANCHE,1,3,13,0,8,21,0,0,0,0
2000/1/1,EARTHQUAKE,1,24,264,0,165,194,0,235,0,0
2000/1/1,EPIDEMIC,5,91,0,0,0,0,105,124,0,0
2000/1/1,FLOOD,1,4,86,0,15,23,0,56,0,0
2000/1/1,RAINS,1,0,18,2,3,37,0,224,0,0
2000/1/1,Snowfall,1,0,8,0,0,4,0,37,0,0
2000/2/1,COLD WAVE,1,25,6,0,0,0,0,2185,0,0
2000/2/1,EARTHQUAKE,1,32,176,0,68,183,0,0,0,0
2000/2/1,EPIDEMIC,5,84,0,0,0,0,0,211,0,0
2000/2/1,FLOOD,2,32,64,112,712,48,0,46916,0,0
2000/2/1,LIGHTNING,3,5,0,0,2,0,0,0,0,0
2000/2/1,RAINS,2,9,53,15,39,28,0,68,0,0
2000/2/1,Snowfall,2,0,66,0,1,8,0,218,0,0
2000/2/1,SNOWSTORM,1,8,84,0,31,55,0,6548,0,0
2000/3/1,DROUGHT,3,22,0,0,0,0,0,0,0,0
2000/3/1,EARTHQUAKE,2,53,530,0,226,585,0,853,0,0
2000/3/1,EPIDEMIC,1,6,0,0,0,0,0,37,0,0
2000/3/1,FLOOD,1,4,51,0,0,0,0,48,0,0
2000/3/1,LANDSLIDE,1,3,0,0,0,0,0,0,0,0
2000/3/1,LIGHTNING,4,7,2,0,3,0,0,18,0,0
2000/3/1,RAINS,1,0,0,0,24,12,0,230,0,0
2000/3/1,STORM,1,0,12,0,2,3,0,0,0,0
2000/4/1,CONTAMINATION,2,106,0,0,0,0,0,0,0,0
2000/4/1,EPIDEMIC,2,10,0,0,0,0,0,120,0,0
2000/4/1,FLOOD,1,21,46,0,0,12,0,21,0,0
2000/4/1,LANDSLIDE,1,0,1,0,0,0,0,0,0,0
2000/4/1,LIGHTNING,2,0,3,0,0,0,0,0,0,0
2000/4/1,PEST,1,0,0,0,0,0,0,0,0,0
2000/4/1,RAINS,3,18,17,0,6,8,0,79,0,0
2000/4/1,STORM,2,21,11,0,0,5,0,78,0,0
2000/5/1,EARTHQUAKE,1,23,256,0,74,165,0,899,0,0
2000/5/1,EPIDEMIC,1,8,0,0,0,0,0,78,0,0
2000/5/1,FLOOD,1,0,13,0,180,0,0,2118,0,0
2000/5/1,HEAT WAVE,1,1,0,0,0,0,3,18,0,0
2000/5/1,STORM,2,4,768,0,28,859,0,353,0,0
2000/6/1,EPIDEMIC,1,3,0,0,0,0,0,78,0,0
2000/6/1,FLASH FLOOD,3,20,181,6,8946,44,0,22463,0,0
2000/6/1,FLOOD,9,66,363,7,599,636,0,18878,0,0
2000/6/1,LANDSLIDE,1,4,9,0,8,15,0,0,0,0
2000/6/1,LIGHTNING,1,2,0,0,0,0,0,0,0,0
2000/6/1,STORM,1,6,21,0,1,15,0,6156,0,0
2000/6/1,THUNDERSTORM,1,6,9,0,0,0,0,4,0,0
2000/7/1,CYCLONE,1,2,0,0,0,0,0,95,0,0
2000/7/1,EARTHQUAKE,1,12,355,0,163,167,0,653,0,0
2000/7/1,EPIDEMIC,1,7,0,0,0,0,0,86,0,0
2000/7/1,FLASH FLOOD,2,4,16,0,9,23,0,717,0,0
2000/7/1,FLOOD,4,78,71,0,6284,7570,0,127131,0,8475
2000/7/1,HEAT WAVE,3,35,135,0,0,0,0,709,0,0
2000/7/1,LANDSLIDE,3,18,9,0,0,3,0,135,0,0
2000/7/1,LIGHTNING,2,2,0,0,0,0,0,0,0,0
2000/7/1,RAINS,9,128,530,0,224,110,0,43806,0,0
2000/7/1,THUNDERSTORM,1,0,68,0,2,5,0,164,0,0
2000/7/1,WINDSTORM,4,26,164,0,21,40,0,218646,0,0
2000/8/1,BREACH,1,2,11,0,0,16,0,167,0,0
2000/8/1,CYCLONE,1,5,18,0,54,248,0,1322,0,0
2000/8/1,EPIDEMIC,5,67,0,0,0,0,0,686,0,0
2000/8/1,FLASH FLOOD,7,135,140,0,99,9589,0,15877,0,0
2000/8/1,FLOOD,16,246,316,4,333,738,0,43544,0,0
2000/8/1,LANDSLIDE,3,41,0,0,0,3,0,0,0,0
2000/8/1,LIGHTNING,6,76,4,0,0,4,0,0,0,0
2000/8/1,RAINS,7,608,376,75,3735,5799,0,55054,0,0
2000/8/1,STORM,2,112,0,0,0,7,0,0,0,0
2000/9/1,EPIDEMIC,1,8,0,0,0,0,0,354,0,0
2000/9/1,FLASH FLOOD,6,38,37,0,37,107,0,3671,0,0
2000/9/1,FLOOD,13,146,528,8,6784,244,0,8074,0,0
2000/9/1,LANDSLIDE,3,10,55,0,0,4,0,84,0,0
2000/9/1,LIGHTNING,1,0,0,0,0,0,0,0,0,0
2000/9/1,RAINS,4,102,98,0,26,93,0,6933,0,0
2000/10/1,EPIDEMIC,7,62,0,0,0,0,654,2732,0,0
2000/10/1,FLASH FLOOD,2,8,32,0,50,105,0,1378,0,0
2000/10/1,FLOOD,1,2,36,0,21,15,0,532,0,0
2000/10/1,LANDSLIDE,1,3,4,0,0,0,0,0,0,0
2000/10/1,LIGHTNING,3,8,0,0,0,8,0,0,0,0
2000/10/1,PEST,1,0,0,0,0,0,0,0,0,0
2000/10/1,RAINS,2,1,1,0,0,3,0,0,0,0
2000/11/1,EARTHQUAKE,1,29,309,0,229,216,0,394,0,0
2000/11/1,EPIDEMIC,1,4,0,0,0,0,0,174,0,0
2000/11/1,FLOOD,1,5,99,0,15,19,0,57,0,0
2000/11/1,RAINS,1,8,7,0,3,18,0,0,0,0
2000/11/1,Snowfall,2,3,5,0,1,63,0,8064,0,0
2000/12/1,AVALANCHE,2,8,20,0,9,15,0,0,0,0
2000/12/1,EARTHQUAKE,1,31,148,0,95,167,0,0,0,0
2000/12/1,FLOOD,1,5,46,0,43,0,0,463,0,0
2000/12/1,Snowfall,2,1,57,0,34,94,0,1036,0,0
2001/1/1,AVALANCHE,1,5,13,0,9,20,0,0,0,0
2001/1/1,COLD WAVE,1,18,4,0,0,0,0,24,0,0
2001/1/1,EARTHQUAKE,3,71,73,0,250,63,0,43350,0,0
2001/1/1,EPIDEMIC,2,64,0,0,0,0,18,361,0,0
2001/1/1,FLOOD,1,4,47,0,28,0,0,92,0,0
2001/1/1,RAINS,3,17,41,0,38,69,0,338,0,0
2001/1/1,Snowfall,2,47,8,0,0,5,0,0,0,0
2001/2/1,AVALANCHE,1,34,23,0,0,67,0,476,0,0
2001/2/1,EPIDEMIC,6,89,0,0,0,0,355,1570,0,0
2001/2/1,FLASH FLOOD,2,11,45,0,12,184,0,2442,0,0
2001/2/1,FLOOD,11,188,564,4,142,480,0,6802,0,0
2001/2/1,LIGHTNING,1,45,0,0,2,0,0,0,0,0
2001/2/1,RAINS,16,860,653,2,20,235,0,41232,0,0
2001/2/1,Snowfall,3,7,74,0,1,5,0,28,0,0
2001/2/1,SNOWSTORM,1,8,61,0,31,55,0,1043,0,0
2001/2/1,WINDSTORM,2,152,126,0,59,438,0,475,0,0
2001/3/1,DROUGHT,1,6,0,0,0,0,0,0,0,0
2001/3/1,EARTHQUAKE,1,54,186,0,138,289,0,422,0,0
2001/3/1,EPIDEMIC,4,13,0,0,0,0,295,363,0,0
2001/3/1,FLOOD,2,54,95,0,8,26,0,57,0,0
2001/3/1,LANDSLIDE,3,42,73,0,14,5,0,0,0,0
2001/3/1,LIGHTNING,3,18,3,0,0,0,0,0,0,0
2001/3/1,RAINS,11,202,140,1,17,108,0,2156975,0,0
2001/3/1,STORM,4,0,59,0,0,16,0,107,0,0
2001/4/1,CONTAMINATION,1,84,0,0,0,0,0,0,0,0
2001/4/1,CYCLONE,1,65,51,0,0,2185,0,515,0,0
2001/4/1,EARTHQUAKE,1,0,2,0,2,19,0,32,0,0
2001/4/1,EPIDEMIC,2,232,0,0,0,0,170,0,0,0
2001/4/1,FLOOD,1,9,13,0,26,43,0,53,0,0
2001/4/1,HEAT WAVE,1,1,0,0,0,0,0,8,0,0
2001/4/1,LANDSLIDE,2,4,0,0,2,0,0,0,0,0
2001/4/1,LIGHTNING,1,4,0,0,0,3,0,0,0,0
2001/4/1,PEST,1,0,0,0,0,0,0,0,0,0
2001/4/1,RAINS,5,291,185,5,51,85,0,4193,0,0
2001/4/1,STORM,2,15,2,0,0,5,0,0,0,0
2001/5/1,BREACH,1,51,38,0,12,47,0,78,0,0
2001/5/1,EPIDEMIC,1,5,0,0,0,0,0,68,0,0
2001/5/1,FLOOD,4,32,81,0,144,783,0,74953,0,0
2001/5/1,HEAT WAVE,10,73,124,0,0,0,6,2268,0,0
2001/5/1,WINDSTORM,1,22,31,0,34,87,0,93,0,0
2001/6/1,EPIDEMIC,3,34,0,0,0,0,0,810,0,0
2001/6/1,FLASH FLOOD,14,91,4546,50,25179,638,0,53606,0,0
2001/6/1,FLOOD,9,84,416,0,171,1186,0,8727,0,0
2001/6/1,HEAT WAVE,3,18,72,0,0,0,0,13391,0,0
2001/6/1,OTHER,2,21,857,0,0,0,0,42,0,0
2001/6/1,RAINS,7,161,1580,0,10,104,0,56885,0,0
2001/6/1,SANDSTORM,1,0,2,0,8,16,0,341,0,0
2001/6/1,STORM,1,5,58,0,13,15,0,544866,0,0
2001/7/1,BREACH,1,84,57,0,3,12,0,4785,0,0
2001/7/1,EARTHQUAKE,1,21,187,0,167,155,0,0,0,0
2001/7/1,EPIDEMIC,1,2,0,0,0,0,0,84,0,0
2001/7/1,FLASH FLOOD,4,40,48,0,7,56,0,1547,0,0
2001/7/1,FLOOD,22,202,1089,18,1924,13991,0,309584,154,198
2001/7/1,HEAT WAVE,1,51,0,0,0,0,0,7654,0,0
2001/7/1,LANDSLIDE,2,32,23,0,11,0,0,0,0,0
2001/7/1,LIGHTNING,1,0,1,0,0,0,0,0,0,0
2001/7/1,OTHER,2,76,1,0,0,0,0,731,0,0
2001/7/1,RAINS,18,759,319,42,576,230,0,150542,0,28000
2001/7/1,STORM,3,1,136,0,81,39,0,45,0,0
2001/7/1,WINDSTORM,2,0,8,0,0,6,0,0,0,0
2001/8/1,BREACH,2,42,5,0,0,5,0,0,0,0
2001/8/1,EPIDEMIC,6,57,0,0,0,0,12363,1331,0,0
2001/8/1,FLASH FLOOD,9,87,191,0,152,15733,0,14974,0,96
2001/8/1,FLOOD,42,1192,2307,5,4346,6822,0,1129513,0,0
2001/8/1,LANDSLIDE,3,35,11,0,9,37,0,2609,0,0
2001/8/1,LIGHTNING,8,134,0,0,2,12,0,0,0,0
2001/8/1,RAINS,21,496,2885,81,1297029,4460,0,29406,0,0
2001/8/1,STORM,2,90,21,0,0,32,0,0,0,0
2001/9/1,EARTHQUAKE,1,6,7,0,457,45,0,56,0,0
2001/9/1,EPIDEMIC,7,118,0,0,0,0,246,2123,0,0
2001/9/1,FLASH FLOOD,14,213,442,6,2883,780,100,45455,0,0
2001/9/1,FLOOD,33,667,15581,23,24292,3391,4508,815225,0,1352
2001/9/1,LANDSLIDE,4,6,91,0,4,15,0,300,0,0
2001/9/1,LIGHTNING,4,59,0,0,0,14,0,0,0,0
2001/9/1,PEST,1,0,0,0,0,0,0,0,0,0
2001/9/1,RAINS,18,323,455,1,121,1492,0,31886,0,0
2001/9/1,STORM,1,821,0,0,0,3,0,0,0,0
2001/10/1,EARTHQUAKE,3,75,256,0,1773,311,0,529,0,0
2001/10/1,EPIDEMIC,6,102,0,0,0,0,380,330,0,0
2001/10/1,FLASH FLOOD,7,82,109,0,48,93,0,1772,0,0
2001/10/1,FLOOD,2,16,115,2,0,12,0,12337,0,0
2001/10/1,LANDSLIDE,3,4,10,0,3,16,0,0,0,0
2001/10/1,LIGHTNING,1,1,2,0,0,0,0,0,0,0
2001/10/1,OTHER,2,51,21,0,0,0,0,738,0,0
2001/10/1,PEST,3,0,0,0,0,0,0,0,0,0
2001/10/1,RAINS,7,29,47,0,16,54,0,455,0,0
2001/11/1,EPIDEMIC,1,4,0,0,0,0,0,42,0,0
2001/11/1,FLOOD,1,15,0,0,903,541,0,6000,0,0
2001/11/1,RAINS,1,9,18,0,8,14,0,0,0,0
2001/11/1,Snowfall,1,51,6,0,1,0,0,0,0,0
2001/11/1,SNOWSTORM,1,0,12,0,2,3,0,150,0,0
2001/12/1,EARTHQUAKE,1,15,15,0,2,4,0,0,0,0
2001/12/1,EPIDEMIC,4,29,0,0,0,0,0,1026,0,0
2001/12/1,RAINS,2,99,12,0,4,0,0,58,0,0
2001/12/1,SNOWSTORM,1,0,8,0,0,3,0,0,0,0
2002/1/1,AVALANCHE,1,6,8,0,8,18,0,0,0,0
2002/1/1,EARTHQUAKE,1,21,214,0,35,78,0,0,0,0
2002/1/1,EPIDEMIC,2,10,0,0,0,0,0,5480,0,0
2002/1/1,FLOOD,1,5,58,0,58,0,0,79,0,0
2002/1/1,RAINS,1,8,0,0,0,2,0,0,0,0
2002/1/1,Snowfall,1,2,12,0,3,10,0,96,0,0
2002/1/1,SNOWSTORM,1,4,18,2,1,12,0,74,0,0
2002/2/1,EARTHQUAKE,3,39,352,0,977,398,0,22585,0,0
2002/2/1,EPIDEMIC,2,30,0,0,0,0,11,92,0,0
2002/2/1,FLASH FLOOD,1,4,6,0,4,34,0,358,0,0
2002/2/1,FLOOD,4,109,616,4,2159,86,0,36185,0,0
2002/2/1,LIGHTNING,1,0,0,0,0,0,0,0,0,0
2002/2/1,RAINS,1,0,56,0,0,2,0,26,0,0
2002/2/1,Snowfall,2,51,12,0,3,12,0,61,0,0
2002/3/1,EPIDEMIC,1,2,0,0,0,0,0,269,0,0
2002/3/1,FLOOD,3,68,39,2,43,29,0,13694,0,0
2002/3/1,LANDSLIDE,1,3,0,0,3,0,0,0,0,0
2002/3/1,LIGHTNING,1,1,0,0,0,0,0,0,0,0
2002/3/1,RAINS,6,18,38,2,9,32,0,21,0,0
2002/3/1,STORM,4,3,38,0,1,49,0,0,0,0
2002/4/1,EARTHQUAKE,1,6,154,0,7,32,0,0,0,0
2002/4/1,EPIDEMIC,1,6,0,0,0,0,0,75,0,0
2002/4/1,LANDSLIDE,2,8,10,0,2,0,0,248,0,0
2002/4/1,LIGHTNING,1,1,4,0,0,2,0,0,0,0
2002/4/1,RAINS,3,8,12,0,0,14,0,87,0,0
2002/4/1,SNOWSTORM,1,9,14,0,4,8,0,48,0,0
2002/5/1,EPIDEMIC,1,2,0,0,0,0,0,112,0,0
2002/5/1,WINDSTORM,1,33,4,0,20,60,0,58,0,0
2002/6/1,EPIDEMIC,3,20,0,0,0,0,0,858,0,0
2002/6/1,FLOOD,3,15,145,0,54,118,0,4302,0,0
2002/6/1,HEAT WAVE,1,0,0,0,0,0,0,24,0,0
2002/6/1,OTHER,1,0,26,0,0,0,0,0,0,0
2002/6/1,STORM,3,109,89,0,6,30,0,16,0,0
2002/6/1,THUNDERSTORM,2,11,64,0,0,0,0,9,0,0
2002/6/1,WINDSTORM,2,19,210,0,0,0,0,158,0,0
2002/7/1,BREACH,4,30,137,0,88,230,0,15214,0,0
2002/7/1,EARTHQUAKE,1,3,17,0,5,63,0,88,0,0
2002/7/1,EPIDEMIC,3,17,0,0,0,0,0,631,0,0
2002/7/1,FLASH FLOOD,3,27,59,0,62,67,0,1728,0,0
2002/7/1,FLOOD,8,443,243,0,4638,8118,0,179828,0,0
2002/7/1,LANDSLIDE,1,1,2,0,0,0,0,0,0,0
2002/7/1,LIGHTNING,2,150,2,0,0,3,0,0,0,0
2002/7/1,RAINS,5,84,20,0,468,28,0,28755,0,0
2002/7/1,STORM,1,0,2,0,3,9,0,209,0,0
2002/7/1,WINDSTORM,2,3,11,0,2,7,0,0,0,0
2002/8/1,BREACH,1,62,1,0,0,0,0,0,0,0
2002/8/1,FLASH FLOOD,2,11,7,0,29,44,0,363,0,0
2002/8/1,FLOOD,15,74,774,147,363,766,0,30760,0,0
2002/8/1,LANDSLIDE,2,95,3,0,9,30,0,2156,0,0
2002/8/1,LIGHTNING,4,16,0,0,2,7,0,0,0,0
2002/8/1,RAINS,6,288,411,0,665028,40,0,2885,0,0
2002/8/1,WINDSTORM,1,8,13,0,0,6,0,0,0,0
2002/9/1,EPIDEMIC,2,11,0,0,0,0,0,424,0,0
2002/9/1,FLASH FLOOD,4,17,44,0,506,188,0,32852,0,0
2002/9/1,FLOOD,15,349,807,26,553,842,0,16974,0,1509
2002/9/1,LANDSLIDE,1,2,5,0,0,0,0,0,0,0
2002/9/1,LIGHTNING,3,9,21,0,0,4,0,0,0,0
2002/9/1,PEST,1,0,0,0,0,0,0,0,0,0
2002/9/1,RAINS,10,197,182,0,38,198,0,1031,0,0
2002/9/1,STORM,1,21,4,0,0,13,0,48,0,0
2002/10/1,EPIDEMIC,1,4,0,0,0,0,0,93,0,0
2002/10/1,FLASH FLOOD,4,26,71,0,20,43,0,1485,0,0
2002/10/1,FLOOD,3,13,127,0,82,164,0,4514,0,0
2002/10/1,LANDSLIDE,2,4,1,0,2,6,0,0,0,0
2002/10/1,LIGHTNING,2,0,4,0,0,3,0,0,0,0
2002/10/1,PEST,4,0,0,0,0,0,0,0,0,0
2002/10/1,RAINS,1,1,0,0,2,3,0,0,0,0
2002/11/1,EARTHQUAKE,4,46,104,0,76,204,0,2988,0,0
2002/11/1,EPIDEMIC,2,70,0,0,0,0,54,57,0,0
2002/11/1,LANDSLIDE,2,17,4,1,14,24,0,137,0,0
2002/11/1,RAINS,2,5,25,0,11,32,0,0,0,0
2002/12/1,AVALANCHE,1,0,9,0,3,18,0,0,0,0
2002/12/1,EARTHQUAKE,2,31,445,0,99,246,0,757,0,0
2002/12/1,EPIDEMIC,5,181,0,0,0,0,120,95,0,0
2002/12/1,FLOOD,1,15,0,0,0,0,0,0,0,0
2003/1/1,AVALANCHE,1,4,9,0,5,9,0,0,0,0
2003/1/1,EARTHQUAKE,1,17,226,0,83,156,0,0,0,0
2003/1/1,EPIDEMIC,3,68,0,0,0,0,0,418,0,0
2003/1/1,FLOOD,1,5,97,0,24,29,0,73,0,0
2003/1/1,RAINS,7,32,97,2,16,59,0,398,0,0
2003/1/1,Snowfall,4,87,81,0,12,34,0,1572,0,0
2003/1/1,SNOWSTORM,1,2,0,0,0,10,0,62,0,0
2003/2/1,AVALANCHE,2,58,57,0,49,221,0,1986,0,0
2003/2/1,EPIDEMIC,17,461,0,0,0,0,975,398,0,0
2003/2/1,FLASH FLOOD,4,75,59,0,47,176,0,1627,0,0
2003/2/1,FLOOD,6,74,368,1,280,135,0,14148,126,0
2003/2/1,HAILSTORM,2,1,8,0,0,3,0,0,0,0
2003/2/1,LANDSLIDE,1,0,4,0,0,0,0,0,0,0
2003/2/1,LIGHTNING,2,2,24,0,0,0,0,0,0,0
2003/2/1,RAINS,20,638,1070,12,709,997,0,31105,0,0
2003/2/1,Snowfall,6,2,65,0,5,23,0,171,0,0
2003/2/1,WINDSTORM,2,152,85,0,59,438,0,461,0,0
2003/3/1,DROUGHT,7,110,40,0,0,0,658,612,0,0
2003/3/1,EPIDEMIC,5,79,0,0,0,0,0,454,0,0
2003/3/1,FLOOD,4,49,52,5,3,49,0,2248,0,0
2003/3/1,LANDSLIDE,4,45,61,0,4,10,0,361,0,0
2003/3/1,LIGHTNING,3,1,6,0,2,2,0,0,0,0
2003/3/1,RAINS,8,249,71,73,101,110,0,16464,0,0
2003/3/1,STORM,5,10,133,0,15,35,0,336582,0,0
2003/4/1,DROUGHT,5,96,68,0,0,0,6297,0,0,0
2003/4/1,EARTHQUAKE,1,25,153,0,23,68,0,0,0,0
2003/4/1,EPIDEMIC,7,29,0,0,0,0,189,359,0,0
2003/4/1,FLASH FLOOD,1,2,48,0,11,6,0,123,0,0
2003/4/1,LANDSLIDE,1,1,0,0,0,0,0,0,0,0
2003/4/1,LIGHTNING,2,8,3,0,0,7,0,0,0,0
2003/4/1,PEST,1,0,0,0,0,0,0,0,0,0
2003/4/1,RAINS,3,44,12,0,7,17,0,0,0,0
2003/4/1,STORM,1,0,21,0,0,2,0,87,0,0
2003/5/1,BREACH,1,6,36,0,8,36,0,68,0,0
2003/5/1,DROUGHT,1,1,4,0,0,0,0,0,0,0
2003/5/1,EARTHQUAKE,1,17,293,0,32,89,0,547,0,0
2003/5/1,FLOOD,1,8,29,0,43,0,0,21,0,0
2003/5/1,HEAT WAVE,3,6,65,0,0,0,90,355,0,0
2003/5/1,RAINS,1,6,11,0,28,43,0,77,0,0
2003/5/1,SANDSTORM,2,38,141,0,2,6,0,96,0,0
2003/5/1,STORM,1,6,1,0,0,0,0,0,0,0
2003/6/1,CYCLONE,2,1,9,2,0,0,0,1215,0,0
2003/6/1,EPIDEMIC,6,19,0,0,0,0,0,1160,0,0
2003/6/1,FLASH FLOOD,10,73,327,70,22346,6583,0,145033,0,0
2003/6/1,FLOOD,10,230,1591,8,6176,1146,0,30984,0,0
2003/6/1,HEAT WAVE,2,18,68,0,0,0,0,32,0,0
2003/6/1,LIGHTNING,1,5,0,0,0,0,0,0,0,0
2003/6/1,RAINS,4,15,8813,0,21,41,0,65,0,0
2003/6/1,STORM,6,14,78,0,3,30,0,1981,0,0
2003/7/1,BREACH,4,127,259,0,68,428,0,8391,0,0
2003/7/1,EARTHQUAKE,1,1,5,0,3,21,0,76,0,0
2003/7/1,EPIDEMIC,2,2,0,0,0,0,0,141,0,0
2003/7/1,FLASH FLOOD,8,141,66,0,364,2550,0,9219,0,0
2003/7/1,FLOOD,30,273,1626,28,10348,25791,0,451274,154,8797
2003/7/1,LANDSLIDE,4,57,100,3,18,21,0,0,0,0
2003/7/1,LIGHTNING,4,77,0,0,2,6,0,133,0,0
2003/7/1,OTHER,3,6,959,0,0,0,0,49,0,0
2003/7/1,RAINS,40,656,745,47,433,594,0,99146,0,0
2003/7/1,STORM,2,0,165,0,67,9,0,3219,0,0
2003/7/1,WINDSTORM,2,52,402,0,59,12,0,874589,0,0
2003/8/1,CYCLONE,1,0,64,0,45,255,0,0,0,0
2003/8/1,EARTHQUAKE,1,32,271,0,28,73,0,556,0,0
2003/8/1,EPIDEMIC,8,125,0,0,0,0,6859,394,0,0
2003/8/1,FLASH FLOOD,7,57,142,0,40,181,0,4120,0,0
2003/8/1,FLOOD,36,1127,4000,121,4213,3335,0,1456214,0,0
2003/8/1,LANDSLIDE,4,73,19,0,3,18,0,0,0,0
2003/8/1,LIGHTNING,3,28,1,0,0,4,0,0,0,0
2003/8/1,RAINS,39,1109,1360,6,5605,8864,0,238243,0,0
2003/8/1,WINDSTORM,1,0,9,0,2,2,0,0,0,0
2003/9/1,EARTHQUAKE,4,273,210,0,1167,1359,0,63685,0,0
2003/9/1,EPIDEMIC,6,21,0,0,0,0,51,8408,0,0
2003/9/1,FLASH FLOOD,9,164,171,0,1189,407,0,15575,0,0
2003/9/1,FLOOD,31,635,918,3,15329,623,12,78149,0,0
2003/9/1,LANDSLIDE,2,14,8,0,2,4,0,215,0,0
2003/9/1,LIGHTNING,1,0,0,0,0,0,0,0,0,0
2003/9/1,OTHER,1,3,4,0,0,0,0,15,0,0
2003/9/1,RAINS,17,96,390,50,64,1677,0,9717,0,0
2003/9/1,STORM,1,48,1,0,0,0,0,0,0,0
2003/10/1,DROUGHT,1,2,131,0,0,0,0,184,0,0
2003/10/1,EARTHQUAKE,8,321,787,0,7509,1008,0,1735,0,0
2003/10/1,EPIDEMIC,6,117,0,0,0,0,140,2814,0,0
2003/10/1,FLASH FLOOD,4,59,81,0,12,63,0,8681,0,0
2003/10/1,FLOOD,10,75,352,0,119,446,0,24016,0,0
2003/10/1,LANDSLIDE,2,4,0,0,0,11,0,0,0,0
2003/10/1,OTHER,2,0,0,0,0,0,0,3924,0,0
2003/10/1,PEST,2,0,0,0,0,0,0,0,0,0
2003/10/1,RAINS,8,281,322,0,78,41,0,14017,0,0
2003/11/1,EPIDEMIC,5,63,0,0,0,0,139,153,0,0
2003/11/1,LANDSLIDE,1,0,21,0,4,17,0,157,0,0
2003/11/1,RAINS,1,51,11,0,0,16,0,95,0,0
2003/11/1,Snowfall,2,6,12,0,0,74,0,1036,0,0
2003/11/1,SNOWSTORM,1,0,0,0,0,2,0,0,0,0
2003/12/1,EPIDEMIC,7,138,0,0,0,0,376,5077,0,0
2003/12/1,FLOOD,2,16,117,1,52,48,0,107,0,0
2003/12/1,Snowfall,1,41,4,0,0,2,0,0,0,0
2004/1/1,EARTHQUAKE,3,365,20,0,4120,0,0,1058,0,0
2004/1/1,EPIDEMIC,4,235,0,0,0,0,1058,153,0,0
2004/1/1,FLOOD,1,3,47,0,5,0,0,252,0,0
2004/1/1,PEST,1,0,0,0,0,0,0,0,0,0
2004/1/1,RAINS,6,13,40,0,10,40,0,1400,0,0
2004/1/1,Snowfall,2,26,58,0,11,30,0,1381,0,0
2004/2/1,AVALANCHE,1,3,16,0,3,11,0,0,0,0
2004/2/1,EARTHQUAKE,1,21,217,0,25,62,0,546,0,0
2004/2/1,EPIDEMIC,9,165,0,0,0,0,263,0,0,0
2004/2/1,FLASH FLOOD,1,2,56,0,1,28,0,943,0,0
2004/2/1,FLOOD,12,76,262,38,1286,421,0,6958,0,0
2004/2/1,LIGHTNING,3,4,2,0,0,4,0,0,0,0
2004/2/1,RAINS,10,161,349,6,56,171,0,1284,0,0
2004/2/1,Snowfall,3,84,41,0,0,7,0,45,0,0
2004/3/1,DROUGHT,6,205,5,0,0,0,0,16,0,0
2004/3/1,EARTHQUAKE,1,7,123,0,45,94,0,568,0,0
2004/3/1,EPIDEMIC,1,8,0,0,0,0,0,242,0,0
2004/3/1,FLOOD,3,106,125,3,32,55,0,1209,0,0
2004/3/1,LANDSLIDE,2,5,1,0,0,0,0,0,0,0
2004/3/1,LIGHTNING,1,0,4,0,0,0,0,0,0,0
2004/3/1,RAINS,10,154,161,3,13,111,0,1621,0,0
2004/3/1,STORM,1,0,8,0,2,3,0,336,0,0
2004/4/1,CONTAMINATION,2,0,0,0,0,0,0,0,0,0
2004/4/1,DROUGHT,1,2,34,0,0,0,742,0,0,0
2004/4/1,EARTHQUAKE,2,32,187,0,1392,149,0,3,0,0
2004/4/1,EPIDEMIC,4,38,0,0,0,0,0,1493,0,0
2004/4/1,FLOOD,1,4,89,0,16,38,0,44,0,0
2004/4/1,HEAT WAVE,1,24,41,0,0,0,0,446,0,0
2004/4/1,LANDSLIDE,2,3,8,0,0,0,0,0,0,0
2004/4/1,LIGHTNING,1,0,0,0,0,0,0,0,0,0
2004/4/1,RAINS,5,2,197,0,12,41,0,333,0,0
2004/4/1,SNOWSTORM,1,65,2,0,1,0,0,84,0,0
2004/5/1,BREACH,1,61,24,0,3,13,0,48,0,0
2004/5/1,DROUGHT,1,3,3,0,0,0,0,0,0,0
2004/5/1,EARTHQUAKE,1,15,267,0,64,166,0,789,0,0
2004/5/1,EPIDEMIC,3,10,0,0,0,0,0,282,0,0
2004/5/1,FLOOD,2,8,52,0,50,125,0,34350,0,0
2004/5/1,RAINS,1,2,32,0,1,12,0,99,0,0
2004/5/1,STORM,1,15,0,0,9,848,0,654,0,0
2004/6/1,EARTHQUAKE,17,77,624,9,184,683,0,6753,0,0
2004/6/1,EPIDEMIC,4,59,0,0,0,0,0,1650,0,0
2004/6/1,FLASH FLOOD,4,83,78,39,5022,222,0,68096,0,0
2004/6/1,FLOOD,10,126,195,4,9230,538,0,23597,0,0
2004/6/1,HEAT WAVE,1,5,0,0,0,0,22,0,0,0
2004/6/1,OTHER,1,0,26,0,0,0,0,1324,0,0
2004/6/1,RAINS,19,304,477,0,53,134,0,33107,0,0
2004/6/1,SANDSTORM,3,77,64,0,6,29,0,443,0,0
2004/6/1,STORM,2,50,54,0,0,0,0,0,0,0
2004/6/1,WINDSTORM,1,2,6,0,0,3,0,0,0,0
2004/7/1,BREACH,3,8,81,0,27,316,0,1730,0,0
2004/7/1,EPIDEMIC,3,4,0,0,0,0,0,1466,0,0
2004/7/1,FLASH FLOOD,5,18,58,4,299,2716,0,7791,0,162
2004/7/1,FLOOD,28,337,10326,1,32104,37076,0,457530,0,1214
2004/7/1,HEAT WAVE,5,115,123,0,0,0,0,3046,0,0
2004/7/1,LANDSLIDE,1,0,2,0,0,0,0,0,0,0
2004/7/1,LIGHTNING,2,4,7,0,0,2,0,0,0,0
2004/7/1,RAINS,27,475,1574,36,492,474,0,365192,113,0
2004/7/1,THUNDERSTORM,1,1,4,0,0,3,0,37,0,0
2004/7/1,WINDSTORM,1,2,0,0,0,5,0,81,0,0
2004/8/1,BREACH,1,15,15,2,0,14,0,387,0,0
2004/8/1,EARTHQUAKE,1,0,3,0,4,19,0,54,0,0
2004/8/1,EPIDEMIC,5,49,0,0,0,0,7491,312,0,0
2004/8/1,FLASH FLOOD,6,32,112,0,51,188,0,32653,0,96
2004/8/1,FLOOD,28,447,1259,2,1036,3736,6,52626,782,0
2004/8/1,LANDSLIDE,3,24,28,0,3,15,0,0,0,0
2004/8/1,LIGHTNING,3,35,0,0,0,8,0,0,0,0
2004/8/1,OTHER,1,4,18,0,0,0,0,4865,0,0
2004/8/1,RAINS,32,450,9949,6,3422,2006,0,869432,0,0
2004/8/1,Snowfall,1,0,86,0,0,4,0,49,0,0
2004/8/1,STORM,1,4,2,0,3,2,0,132,0,0
2004/8/1,WINDSTORM,2,2,10,0,0,3,0,0,0,0
2004/9/1,EARTHQUAKE,3,383,934,0,1779,3315,0,66149,0,0
2004/9/1,EPIDEMIC,4,61,0,0,0,0,171,8758,0,0
2004/9/1,FLASH FLOOD,16,291,705,2,5999,853,0,108982,0,0
2004/9/1,FLOOD,39,497,1205,9,3449,5175,2254,610415,0,157
2004/9/1,LANDSLIDE,3,7,6,0,2,0,0,0,0,0
2004/9/1,LIGHTNING,4,19,6,0,1,5,0,0,0,0
2004/9/1,OTHER,1,3,164,0,0,0,0,2546,0,0
2004/9/1,PEST,5,0,0,0,0,0,0,0,0,0
2004/9/1,RAINS,14,201,351,83,168,755,0,7679,0,0
2004/9/1,STORM,1,0,15,0,0,0,0,0,0,0
2004/10/1,CYCLONE,1,0,18,0,4,0,0,0,0,0
2004/10/1,DROUGHT,3,13,70,0,0,0,0,3858,0,0
2004/10/1,EARTHQUAKE,4,52,305,0,4122,355,0,2427,0,0
2004/10/1,EPIDEMIC,9,65,0,0,0,0,272,1612,0,0
2004/10/1,FLASH FLOOD,9,38,140,0,58,207,0,195,0,0
2004/10/1,FLOOD,2,11,16,0,17,67,0,3023,0,0
2004/10/1,LANDSLIDE,4,28,35,2,24,10,0,268,0,0
2004/10/1,LIGHTNING,2,4,2,0,1,4,0,0,0,0
2004/10/1,PEST,5,0,0,0,0,0,0,0,0,0
2004/10/1,RAINS,4,7,47,0,34,42,0,329,0,0
2004/11/1,EARTHQUAKE,1,18,18,0,6,10,0,246,0,0
2004/11/1,EPIDEMIC,4,35,0,0,0,0,205,75,0,0
2004/11/1,LANDSLIDE,1,0,0,0,4,17,0,124,0,0
2004/11/1,RAINS,1,1,87,0,0,16,0,524,0,0
2004/11/1,SNOWSTORM,1,0,12,0,1,3,0,0,0,0
2004/12/1,COLD WAVE,1,18,0,0,0,0,0,49,0,0
2004/12/1,EPIDEMIC,5,46,0,0,0,0,0,944,0,0
2004/12/1,FLOOD,1,17,0,0,0,0,0,43,0,0
2004/12/1,RAINS,2,865,25,0,4,18,0,90,0,0
2005/1/1,AVALANCHE,1,5,16,0,3,11,0,0,0,0
2005/1/1,EARTHQUAKE,2,12,4,0,156,22,0,443,0,0
2005/1/1,EPIDEMIC,6,75,0,0,0,0,2109,18,0,0
2005/1/1,PEST,1,0,0,0,0,0,0,0,0,0
2005/1/1,RAINS,4,12,88,0,20,39,0,843252,0,0
2005/1/1,Snowfall,4,26,95,0,0,13,0,43,0,0
2005/1/1,SNOWSTORM,1,15,12,2,6,15,0,67,0,0
2005/2/1,EPIDEMIC,3,62,0,0,0,0,50,53,0,0
2005/2/1,FLASH FLOOD,1,0,4,0,12,65,0,509,0,0
2005/2/1,FLOOD,20,111,498,323,1037,3005,0,82402,0,0
2005/2/1,HAILSTORM,6,99,784,18,448,32,0,28834,0,0
2005/2/1,LIGHTNING,1,45,0,0,0,2,0,0,0,0
2005/2/1,RAINS,18,195,489,18,85,1274,0,26286,0,0
2005/2/1,Snowfall,10,35,58,0,13,83,0,504,0,0
2005/2/1,SNOWSTORM,1,3,61,0,31,55,0,1043,0,0
2005/3/1,AVALANCHE,1,2,1,2,0,0,0,0,0,0
2005/3/1,DROUGHT,12,121,36,0,0,0,658,16,0,0
2005/3/1,EPIDEMIC,4,149,0,0,0,0,230,1039,0,0
2005/3/1,FLOOD,6,89,63,0,55,222,0,1389,0,0
2005/3/1,HAILSTORM,1,0,4,0,4,13,0,825,0,0
2005/3/1,LANDSLIDE,2,2,7,0,3,0,0,0,0,0
2005/3/1,LIGHTNING,2,14,0,0,0,2,0,0,0,0
2005/3/1,PEST,1,0,0,0,0,0,0,0,0,0
2005/3/1,RAINS,9,25,58,0,12,92,0,54910,0,6
2005/3/1,STORM,3,15,49,0,12,17,0,248,0,0
2005/4/1,CONTAMINATION,1,15,0,0,0,0,0,0,0,0
2005/4/1,EARTHQUAKE,2,62,57,0,2436,180,0,705,0,0
2005/4/1,EPIDEMIC,1,5,0,0,0,0,0,76,0,0
2005/4/1,LANDSLIDE,4,23,6,0,0,12,0,84,0,0
2005/4/1,LIGHTNING,1,1,2,0,1,2,0,0,0,0
2005/4/1,PEST,4,0,0,0,0,0,0,0,0,0
2005/4/1,RAINS,5,272,109,0,45,48,0,1176,0,0
2005/4/1,THUNDERSTORM,1,4,11,0,0,0,0,21,0,0
2005/5/1,DROUGHT,1,59,0,0,0,0,0,0,0,0
2005/5/1,EPIDEMIC,2,21,0,0,0,0,0,701,0,0
2005/5/1,HEAT WAVE,2,70,30,0,0,0,0,257,0,0
2005/5/1,RAINS,7,141,138,0,30,288,0,2449,0,0
2005/5/1,SANDSTORM,1,9,51,0,3,0,0,81,0,0
2005/5/1,STORM,3,66,11,0,9,14,0,183,0,0
2005/6/1,EPIDEMIC,1,2,0,0,0,0,0,78,0,0
2005/6/1,FLASH FLOOD,3,84,53,48,2597,146,0,7409,0,0
2005/6/1,FLOOD,22,694,688,10,12588,1495,0,77045,0,0
2005/6/1,HEAT WAVE,8,44,126,0,0,4,0,38230,0,0
2005/6/1,OTHER,1,12,0,0,0,0,0,50,0,0
2005/6/1,RAINS,8,114,204,0,7,113,0,1118,0,0
2005/6/1,STORM,3,29,6,0,6,29,0,317,0,0
2005/6/1,WINDSTORM,1,0,7,0,2,4,0,0,0,0
2005/7/1,BREACH,5,304,155,0,107,831,0,18585,0,0
2005/7/1,EPIDEMIC,4,77,0,0,0,0,0,456,0,0
2005/7/1,FLASH FLOOD,4,51,49,0,15,157,0,1110,0,0
2005/7/1,FLOOD,24,305,683,8,2161,13945,0,716186,154,1338
2005/7/1,HEAT WAVE,1,1,0,0,0,0,0,978,0,0
2005/7/1,LANDSLIDE,2,5,10,0,1,0,0,0,0,0
2005/7/1,LIGHTNING,1,1,1,0,0,1,0,0,0,0
2005/7/1,RAINS,14,99,712,0,75,167,0,7372,0,0
2005/7/1,STORM,2,55,86,0,82,9,0,85,0,0
2005/7/1,THUNDERSTORM,2,14,42,0,21,40,0,46,0,0
2005/8/1,BREACH,1,0,1,0,0,0,0,0,0,0
2005/8/1,EPIDEMIC,3,10,0,0,0,0,985,61,0,0
2005/8/1,FLASH FLOOD,4,66,74,0,50,115,0,4854,0,0
2005/8/1,FLOOD,37,311,7786,272,893,2603,6,31752,0,0
2005/8/1,LANDSLIDE,6,26,105,0,3,68,0,1321,0,0
2005/8/1,LIGHTNING,3,4,0,0,0,7,0,0,0,0
2005/8/1,RAINS,32,512,9099,724,462,555,0,1621214,0,0
2005/8/1,STORM,2,21,55,0,6,4,0,17038,0,0
2005/8/1,WINDSTORM,1,2,4,0,3,2,0,0,0,0
2005/9/1,EARTHQUAKE,2,82,512,0,778,222,0,55535,0,0
2005/9/1,EPIDEMIC,6,136,0,0,0,0,205,2788,0,0
2005/9/1,FLASH FLOOD,21,346,719,3,27659,1150,100,98040,0,0
2005/9/1,FLOOD,26,685,2049,18,14083,6732,93,412823,0,0
2005/9/1,LANDSLIDE,4,19,64,0,3,2,0,253,0,0
2005/9/1,LIGHTNING,1,0,0,0,0,0,0,0,0,0
2005/9/1,PEST,1,0,0,0,0,0,0,0,0,0
2005/9/1,RAINS,20,324,537,0,183,2060,0,56577,0,0
2005/9/1,STORM,4,47,147,0,63,101,0,442,0,0
2005/9/1,WINDSTORM,1,48,6,0,0,4,0,0,0,0
2005/10/1,EARTHQUAKE,44,38023,72799,11,290147,143723,0,2407533,29045,0
2005/10/1,EPIDEMIC,6,54,0,0,0,0,391,399,0,0
2005/10/1,FLASH FLOOD,7,109,166,4,53,187,0,76881,0,0
2005/10/1,FLOOD,14,109,697,0,267,498,0,14568,0,0
2005/10/1,HAILSTORM,1,0,4,0,0,8,0,54,0,0
2005/10/1,LANDSLIDE,5,62,81,2,27,42,0,0,0,0
2005/10/1,LIGHTNING,1,0,0,0,0,0,0,0,0,0
2005/10/1,RAINS,2,1,2,0,0,7,0,0,0,0
2005/11/1,EARTHQUAKE,1,131,12,0,10,18,0,1324,0,0
2005/11/1,EPIDEMIC,6,168,0,0,0,0,138,977,0,0
2005/11/1,FLOOD,1,3,98,0,68,0,0,36,0,0
2005/11/1,RAINS,1,3,54,0,8,14,0,0,0,0
2005/11/1,SNOWSTORM,1,2,0,0,0,2,0,0,0,0
2005/12/1,EARTHQUAKE,1,9,56,0,6,24,0,0,0,0
2005/12/1,EPIDEMIC,8,64,0,0,0,0,0,1172,0,0
2005/12/1,FLOOD,1,23,22,12,50,56,0,55,0,0
2005/12/1,RAINS,2,52,30,0,0,19,0,83,0,0
2005/12/1,Snowfall,2,68,38,0,3,23,0,849,0,0
2005/12/1,SNOWSTORM,1,48,8,0,0,3,0,0,0,0
2006/1/1,AVALANCHE,1,4,7,0,9,14,0,0,0,0
2006/1/1,EARTHQUAKE,3,31,570,0,1029,108,0,660,0,0
2006/1/1,EPIDEMIC,2,5,0,0,0,0,1012,78,0,0
2006/1/1,RAINS,4,102,103,0,0,17,0,381,0,0
2006/1/1,Snowfall,4,20,37,0,4,54,0,1275,0,0
2006/1/1,SNOWSTORM,1,0,0,0,1,6,0,62,0,0
2006/2/1,EPIDEMIC,9,88,0,0,0,0,158,887,0,0
2006/2/1,FLASH FLOOD,1,0,6,0,0,131,0,1580,0,0
2006/2/1,FLOOD,18,412,588,210,1996,2150,0,60257,0,0
2006/2/1,LIGHTNING,3,1,0,0,2,1,0,0,0,0
2006/2/1,RAINS,8,170,299,52,72,1045,0,5953,0,0
2006/2/1,Snowfall,6,19,41,0,9,38,0,445,0,0
2006/3/1,DROUGHT,3,18,0,0,0,0,0,3492,0,0
2006/3/1,EARTHQUAKE,4,62,789,0,267,636,0,578,0,0
2006/3/1,EPIDEMIC,3,6,0,0,0,0,224,25,0,0
2006/3/1,FLOOD,8,392,152,5,44,156,0,509,0,0
2006/3/1,HAILSTORM,1,2,2,0,13,27,0,215,0,0
2006/3/1,LANDSLIDE,1,2,0,0,1,0,0,0,0,0
2006/3/1,LIGHTNING,3,3,0,0,0,3,0,0,0,0
2006/3/1,PEST,4,0,0,0,0,0,0,0,0,0
2006/3/1,RAINS,9,100,236,64,67,135,0,592,0,6
2006/3/1,STORM,1,0,16,0,0,0,0,0,0,0
2006/4/1,AVALANCHE,2,18,32,0,0,18,0,0,0,0
2006/4/1,DROUGHT,1,7,5,0,0,0,968,0,0,0
2006/4/1,EPIDEMIC,3,6,0,0,0,0,189,64,0,0
2006/4/1,FLOOD,2,85,53,0,12,32,0,272,0,0
2006/4/1,HAILSTORM,1,0,84,0,0,1,0,35,0,0
2006/4/1,HEAT WAVE,1,0,31,0,0,0,0,16,0,0
2006/4/1,LANDSLIDE,2,3,4,0,0,0,0,0,0,0
2006/4/1,LIGHTNING,2,35,0,0,1,2,0,0,0,0
2006/4/1,RAINS,2,1,65,0,2,9,0,118,0,0
2006/4/1,SNOWSTORM,2,3,8,0,2,6,0,107,0,0
2006/4/1,STORM,1,4,1,0,0,2,0,0,0,0
2006/5/1,BREACH,1,15,11,0,0,3,0,26,0,0
2006/5/1,DROUGHT,5,22,31,0,0,0,0,0,0,0
2006/5/1,EPIDEMIC,4,11,0,0,0,0,0,216,0,0
2006/5/1,FLOOD,5,78,200,0,403,0,0,21511,0,0
2006/5/1,HEAT WAVE,6,42,115,0,0,0,3,10553,0,0
2006/5/1,RAINS,1,46,10,0,1,12,0,0,0,0
2006/5/1,STORM,3,30,11,0,0,0,0,0,0,0
2006/6/1,CYCLONE,3,26,2605,0,0,0,0,667,0,0
2006/6/1,EARTHQUAKE,2,23,304,0,104,227,0,0,0,0
2006/6/1,EPIDEMIC,6,19,0,0,0,0,0,607,0,0
2006/6/1,FLASH FLOOD,10,124,365,0,9973,368,0,293097,0,0
2006/6/1,FLOOD,29,230,1738,16,11452,3575,0,168956,0,0
2006/6/1,HEAT WAVE,7,103,134,0,0,0,16,3755,0,0
2006/6/1,LANDSLIDE,1,4,5,0,0,0,0,258,0,0
2006/6/1,OTHER,1,0,0,0,0,0,0,0,0,0
2006/6/1,RAINS,16,175,306,0,65,237,0,412,0,0
2006/6/1,STORM,4,1,7,0,0,36,0,0,0,0
2006/6/1,THUNDERSTORM,1,0,1,0,0,0,0,0,0,0
2006/6/1,WINDSTORM,2,9,59,0,3,13,0,2224,0,0
2006/7/1,BREACH,2,14,120,0,40,648,0,2992,0,0
2006/7/1,CYCLONE,1,4,16,0,0,0,0,5548,0,0
2006/7/1,EPIDEMIC,3,13,0,0,0,0,0,281,0,0
2006/7/1,FLASH FLOOD,10,146,255,54,304,3410,0,30185,0,162
2006/7/1,FLOOD,24,317,1177,8,1940,4190,0,128852,0,1894
2006/7/1,HEAT WAVE,2,18,0,0,0,0,185,2216,0,0
2006/7/1,LANDSLIDE,5,125,37,0,37,8,0,0,0,0
2006/7/1,LIGHTNING,4,20,2,0,2,9,0,12,0,0
2006/7/1,RAINS,23,335,900,9,281,1838,0,67300,0,0
2006/7/1,WINDSTORM,2,7,555,0,22,3,0,81,0,0
2006/8/1,BREACH,2,0,11,0,0,5,0,0,0,0
2006/8/1,EPIDEMIC,8,75,0,0,0,0,16340,1606,0,0
2006/8/1,FLASH FLOOD,14,79,300,0,240,18141,0,44264,0,96
2006/8/1,FLOOD,56,1394,2241,374,4992,4135,300,270067,0,0
2006/8/1,LANDSLIDE,8,53,57,0,0,6,0,0,0,0
2006/8/1,LIGHTNING,4,7,0,0,2,2,0,59,0,0
2006/8/1,RAINS,41,951,1705,0,899,2415,0,525376,0,0
2006/8/1,Snowfall,1,84,0,0,0,4,0,38,0,0
2006/8/1,STORM,1,12,21,0,0,2,0,667,0,0
2006/9/1,EPIDEMIC,13,142,0,0,0,0,394,9348,0,0
2006/9/1,FLASH FLOOD,14,320,1397,9,1817,544,0,24997,0,0
2006/9/1,FLOOD,51,1387,1418,13,7585,5355,105,136446,0,157
2006/9/1,LANDSLIDE,3,10,61,0,2,0,0,0,0,0
2006/9/1,LIGHTNING,1,35,0,0,0,2,0,0,0,0
2006/9/1,RAINS,18,940,515,4,266,8484,0,21012,0,0
2006/9/1,STORM,3,16,48,0,28,59,0,48,0,0
2006/10/1,CYCLONE,3,7,686,0,0,0,0,1398,0,0
2006/10/1,EARTHQUAKE,2,111,70,0,18,139,0,49,0,0
2006/10/1,EPIDEMIC,10,61,0,0,0,0,118,2449,0,0
2006/10/1,FLASH FLOOD,6,94,114,4,42,216,0,6984,0,0
2006/10/1,FLOOD,9,71,211,0,187,183,0,26958,0,0
2006/10/1,LANDSLIDE,4,13,8,0,6,2,0,0,0,0
2006/10/1,LIGHTNING,3,7,5,0,0,4,0,0,0,0
2006/10/1,PEST,8,0,0,0,0,0,0,0,0,0
2006/11/1,COLD WAVE,1,18,0,0,0,0,0,256,0,0
2006/11/1,EARTHQUAKE,3,65,252,0,124,214,0,1717,0,0
2006/11/1,EPIDEMIC,5,80,0,0,0,0,204,90,0,0
2006/11/1,RAINS,3,86,158,0,11,72,0,26,0,0
2006/11/1,Snowfall,1,3,0,0,0,63,0,962,0,0
2006/12/1,AVALANCHE,1,6,15,0,2,15,0,0,0,0
2006/12/1,EARTHQUAKE,1,8,14,0,3,112,0,1121,0,0
2006/12/1,EPIDEMIC,4,23,0,0,0,0,74,702,0,0
2006/12/1,FLOOD,1,12,57,12,65,46,0,91,0,0
2006/12/1,RAINS,1,2,12,0,8,10,0,26,0,0
2006/12/1,Snowfall,4,2,65,0,33,88,0,822,0,0
2007/1/1,COLD WAVE,1,16,16,0,0,0,0,326,0,0
2007/1/1,DROUGHT,1,8,0,0,0,0,0,64,0,0
2007/1/1,EARTHQUAKE,2,54,347,0,159,297,0,660,0,0
2007/1/1,EPIDEMIC,2,7,0,0,0,0,0,450,0,0
2007/1/1,RAINS,1,2,21,0,3,1,0,38,0,0
2007/1/1,Snowfall,2,1,13,0,11,57,0,792,0,0
2007/1/1,SNOWSTORM,1,16,16,0,2,15,0,1324,0,0
2007/2/1,COLD WAVE,1,10,0,0,0,0,0,84,0,0
2007/2/1,EPIDEMIC,7,36,0,0,0,0,685,356,0,0
2007/2/1,FLASH FLOOD,1,86,0,0,0,131,0,2574,0,0
2007/2/1,FLOOD,4,109,3617,0,1330,823,0,25221,0,0
2007/2/1,HAILSTORM,1,6,64,0,132,8,0,54,0,0
2007/2/1,LANDSLIDE,1,0,4,0,0,0,0,0,0,0
2007/2/1,RAINS,9,28,759,0,86,1091,0,5690,0,0
2007/2/1,Snowfall,4,16,8,0,1,11,0,46,0,0
2007/3/1,DROUGHT,2,9,30,0,0,0,658,0,0,0
2007/3/1,EARTHQUAKE,1,0,14,2,4,22,0,0,0,0
2007/3/1,EPIDEMIC,6,29,0,0,0,0,430,1040,0,0
2007/3/1,FLOOD,1,18,151,0,15,13,0,5,0,0
2007/3/1,HAILSTORM,2,81,942,0,26,54,0,47,0,0
2007/3/1,LANDSLIDE,4,81,21,0,17,10,0,0,0,0
2007/3/1,LIGHTNING,1,0,1,0,0,0,0,0,0,0
2007/3/1,PEST,1,0,0,0,0,0,0,0,0,0
2007/3/1,RAINS,6,134,36,0,43,24,0,246,0,0
2007/3/1,STORM,1,0,8,0,0,2,0,0,0,0
2007/4/1,DROUGHT,3,16,98,0,0,0,3942,0,0,0
2007/4/1,EARTHQUAKE,1,2,17,0,21,37,0,90,0,0
2007/4/1,EPIDEMIC,4,18,0,0,0,0,0,1295,0,0
2007/4/1,FLOOD,3,32,156,0,100,59,0,186,0,0
2007/4/1,HEAT WAVE,1,3,0,0,0,0,0,2139,0,0
2007/4/1,LIGHTNING,1,1,0,0,1,2,0,0,0,0
2007/4/1,PEST,1,0,0,0,0,0,0,0,0,0
2007/4/1,RAINS,2,2,19,0,0,0,0,2846,0,0
2007/4/1,THUNDERSTORM,1,6,4,0,0,0,0,0,0,0
2007/4/1,WINDSTORM,1,1,4,0,0,2,0,21,0,0
2007/5/1,DROUGHT,1,89,0,0,0,0,0,0,0,0
2007/5/1,EARTHQUAKE,2,28,125,0,260,209,0,13,0,0
2007/5/1,EPIDEMIC,2,12,0,0,0,0,0,585,0,0
2007/5/1,FLOOD,1,25,1,0,0,0,0,2015,0,0
2007/5/1,HEAT WAVE,2,127,111,0,0,0,12,491,0,0
2007/5/1,STORM,1,2,5,0,0,6,0,21,0,0
2007/6/1,EPIDEMIC,7,58,0,0,0,0,0,1229,0,0
2007/6/1,FLASH FLOOD,42,242,1777,74,74826,8392,0,925685,0,0
2007/6/1,FLOOD,22,229,2378,41,19184,3691,0,527271,200,0
2007/6/1,HEAT WAVE,11,37,98,0,0,4,38,21565,0,0
2007/6/1,RAINS,10,42,1042,0,18,173,0,865,0,0
2007/6/1,STORM,1,0,12,0,0,2,0,0,0,0
2007/6/1,THUNDERSTORM,1,1,84,0,0,0,0,48,0,0
2007/6/1,WINDSTORM,2,21,36,0,6,26,0,23,0,0
2007/7/1,EARTHQUAKE,1,78,157,0,198,364,0,0,0,0
2007/7/1,EPIDEMIC,2,13,0,0,0,0,0,133,0,0
2007/7/1,FLASH FLOOD,5,25,94,0,58,95,0,1421,0,0
2007/7/1,FLOOD,11,153,189,8,705,4277,0,35361,0,630
2007/7/1,LANDSLIDE,2,10,17,0,2,19,0,78,0,0
2007/7/1,OTHER,1,0,0,0,0,0,0,2328,0,0
2007/7/1,RAINS,27,455,1962,16,611,3091,0,451040,0,0
2007/7/1,STORM,1,6,13,0,64,0,0,6687,0,0
2007/7/1,WINDSTORM,2,0,4,0,7,12,0,53,0,0
2007/8/1,EPIDEMIC,1,20,0,0,0,0,0,225,0,0
2007/8/1,FLASH FLOOD,3,23,17,0,15,46,0,247,0,0
2007/8/1,FLOOD,24,257,1829,4,453,933,0,241350,0,0
2007/8/1,LIGHTNING,5,7,0,0,0,1,0,0,0,0
2007/8/1,RAINS,38,575,3041,54,6250,8217,0,93878,0,0
2007/8/1,STORM,1,1,4,0,3,2,0,0,0,0
2007/9/1,EARTHQUAKE,4,26,300,0,23310,4275,0,27747,0,0
2007/9/1,EPIDEMIC,7,106,0,0,0,0,232,3398,0,0
2007/9/1,FLASH FLOOD,12,46,683,10,14009,4683,0,88142,0,0
2007/9/1,FLOOD,29,364,1319,71,772,2224,2359,31383,0,1352
2007/9/1,LANDSLIDE,2,6,0,0,0,15,0,78,0,0
2007/9/1,LIGHTNING,2,36,0,0,0,1,0,0,0,0
2007/9/1,OTHER,1,1,0,0,0,0,0,2236,0,0
2007/9/1,RAINS,13,126,814,29,620,510,0,35421,0,0
2007/9/1,WINDSTORM,2,3,61,0,3,24,0,5,0,0
2007/10/1,EARTHQUAKE,1,0,2,2,2,31,0,132,0,0
2007/10/1,EPIDEMIC,4,83,0,0,0,0,730,106,0,0
2007/10/1,FLASH FLOOD,2,5,30,0,11,41,0,643,0,0
2007/10/1,FLOOD,1,0,89,2,3,14,0,84,0,0
2007/10/1,HAILSTORM,1,15,4,0,0,8,0,54,0,0
2007/10/1,LANDSLIDE,5,38,19,0,6,7,0,274,0,0
2007/10/1,LIGHTNING,3,5,0,0,1,3,0,0,0,0
2007/10/1,OTHER,3,9,172,0,0,0,0,1745,0,0
2007/10/1,PEST,2,0,0,0,0,0,0,0,0,0
2007/10/1,RAINS,3,8,99,0,30,3,0,5,0,0
2007/10/1,WINDSTORM,1,15,12,0,0,6,0,0,0,0
2007/11/1,CYCLONE,3,14,147,0,0,0,0,5229,0,0
2007/11/1,EPIDEMIC,4,61,0,0,0,0,474,2125,0,0
2007/11/1,RAINS,1,4,4129,0,37,27,0,487,0,0
2007/12/1,AVALANCHE,1,5,8,0,9,16,0,0,0,0
2007/12/1,FLOOD,1,5,94,0,13,0,0,343,0,0
2007/12/1,RAINS,3,66,21,0,4,25,0,81,0,0
2008/1/1,EARTHQUAKE,3,82,734,0,1173,364,0,41439,0,0
2008/1/1,EPIDEMIC,1,12,0,0,0,0,1034,0,0,0
2008/1/1,FLOOD,1,4,97,0,9,0,0,197,0,0
2008/1/1,PEST,1,0,0,0,0,0,0,0,0,0
2008/1/1,RAINS,1,3,32,0,0,8,0,68,0,0
2008/1/1,Snowfall,2,0,7,0,1,11,0,53,0,0
2008/1/1,SNOWSTORM,3,15,35,3,10,43,0,188,0,0
2008/2/1,EARTHQUAKE,1,4,4,0,665,50,0,94,0,0
2008/2/1,EPIDEMIC,8,114,0,0,0,0,298,256,0,0
2008/2/1,FLASH FLOOD,4,5,78,0,12,151,0,3844,0,0
2008/2/1,FLOOD,2,11,93,0,9,50,0,1408,0,0
2008/2/1,HAILSTORM,2,1,29,0,0,6,0,0,0,0
2008/2/1,RAINS,13,265,2497,0,45,191,0,587,0,0
2008/2/1,Snowfall,5,54,32,0,4,44,0,1089,0,0
2008/3/1,DROUGHT,3,534,1,0,0,0,0,0,0,0
2008/3/1,EPIDEMIC,1,6,0,0,0,0,0,253,0,0
2008/3/1,FLOOD,2,7,574,0,113,3,0,279,0,0
2008/3/1,LANDSLIDE,1,0,6,0,0,0,0,0,0,0
2008/3/1,LIGHTNING,5,126,10,0,0,2,0,0,0,0
2008/3/1,PEST,7,0,0,0,0,0,0,0,0,0
2008/3/1,RAINS,8,57,46,0,10,83,0,169,0,0
2008/3/1,STORM,1,2,62,0,1,21,0,842,0,0
2008/4/1,DROUGHT,2,57,7,0,0,0,4716,0,0,0
2008/4/1,EPIDEMIC,4,37,0,0,0,0,143,1179,0,0
2008/4/1,FLASH FLOOD,1,24,48,0,11,6,0,164,0,0
2008/4/1,FLOOD,2,22,88,0,217,16,0,638,0,0
2008/4/1,HAILSTORM,1,0,3,0,0,1,0,0,0,0
2008/4/1,HEAT WAVE,2,39,96,0,0,0,0,170,0,0
2008/4/1,LANDSLIDE,2,7,0,0,2,3,0,0,0,0
2008/4/1,PEST,2,0,0,0,0,0,0,0,0,0
2008/4/1,RAINS,9,16,176,0,10,43,0,61478,0,0
2008/5/1,EARTHQUAKE,1,36,251,0,26,19,0,322,0,0
2008/5/1,EPIDEMIC,4,37,0,0,0,0,0,1198,0,0
2008/5/1,FLOOD,3,19,18,0,8,0,0,130,0,0
2008/5/1,HEAT WAVE,2,85,0,0,0,0,0,1163,0,0
2008/5/1,OTHER,1,0,0,0,0,0,0,0,0,0
2008/5/1,RAINS,3,0,61,0,0,124,0,150,0,0
2008/5/1,STORM,2,6,3,0,0,3,0,0,0,0
2008/5/1,WINDSTORM,1,25,37,0,39,35,0,98,0,0
2008/6/1,EARTHQUAKE,1,86,217,0,32,47,0,0,0,0
2008/6/1,EPIDEMIC,4,8,0,0,0,0,0,2835,0,0
2008/6/1,FLASH FLOOD,11,156,513,2,14094,3544,0,190112,0,0
2008/6/1,FLOOD,20,564,1055,395,7780,2478,0,54824,0,0
2008/6/1,HEAT WAVE,4,20,675,0,0,0,0,367,0,0
2008/6/1,RAINS,8,123,83,0,9,63,0,21337,0,0
2008/6/1,STORM,1,2,9,0,0,0,0,0,0,0
2008/6/1,WINDSTORM,2,5,6,0,16,13,0,166,0,0
2008/7/1,BREACH,4,31,167,0,92,708,0,3980,0,0
2008/7/1,EARTHQUAKE,1,42,315,0,154,361,0,343,0,0
2008/7/1,EPIDEMIC,2,88,0,0,0,0,0,65,0,0
2008/7/1,FLASH FLOOD,7,86,278,50,271,1400,0,12471,0,0
2008/7/1,FLOOD,21,262,514,0,1053,8983,0,77666,0,0
2008/7/1,HEAT WAVE,2,9,51,0,0,0,0,28,0,0
2008/7/1,LANDSLIDE,2,30,2,0,1,0,0,28,0,0
2008/7/1,LIGHTNING,6,64,0,0,3,10,0,12,0,0
2008/7/1,RAINS,20,611,1051,86,447,128,0,190657,14,28000
2008/7/1,STORM,2,96,4,4,46,18,0,353,0,0
2008/7/1,THUNDERSTORM,2,19,41,0,4,6,0,82,0,0
2008/7/1,WINDSTORM,1,0,24,0,24,0,0,478,0,0
2008/8/1,EPIDEMIC,6,72,0,0,0,0,9876,103,0,0
2008/8/1,FLASH FLOOD,4,42,52,0,125,333,0,4000,0,0
2008/8/1,FLOOD,41,684,891,68,903,2445,300,77185,0,0
2008/8/1,LANDSLIDE,4,36,64,0,80,54,0,1594,0,0
2008/8/1,LIGHTNING,4,36,2,0,0,1,0,0,0,0
2008/8/1,OTHER,1,0,51,0,0,0,0,213,0,0
2008/8/1,RAINS,24,613,1575,0,266,1291,0,415730,0,0
2008/8/1,WINDSTORM,1,1,8,0,2,3,0,0,0,0
2008/9/1,EARTHQUAKE,5,387,722,5,10275,7220,0,223166,0,0
2008/9/1,EPIDEMIC,2,12,0,0,0,0,0,387,0,0
2008/9/1,FLASH FLOOD,9,76,1150,9,465,221,0,6328,0,0
2008/9/1,FLOOD,26,285,1257,62,11211,3768,0,60691,78,0
2008/9/1,LANDSLIDE,2,20,3,0,0,15,0,78,0,0
2008/9/1,LIGHTNING,2,13,0,0,1,0,0,0,0,0
2008/9/1,RAINS,17,320,6672,35,435,1455,0,38657,0,0
2008/9/1,STORM,4,15,8,0,0,0,0,0,0,0
2008/9/1,WINDSTORM,3,86,72,0,9,63,0,383,0,0
2008/10/1,CYCLONE,2,27,604,0,8,0,0,1684,0,0
2008/10/1,DROUGHT,1,1,4,0,0,0,0,81,0,0
2008/10/1,EARTHQUAKE,12,392,847,0,6815,1022,0,56857,0,0
2008/10/1,EPIDEMIC,2,59,0,0,0,0,0,2535,0,0
2008/10/1,FLASH FLOOD,5,58,114,4,66,247,0,9175,0,0
2008/10/1,FLOOD,4,23,125,0,130,133,0,6823,0,0
2008/10/1,HAILSTORM,1,0,54,0,0,8,0,114,0,0
2008/10/1,LANDSLIDE,4,6,7,0,5,19,0,0,0,0
2008/10/1,LIGHTNING,2,3,12,0,0,0,0,0,0,0
2008/10/1,PEST,1,0,0,0,0,0,0,0,0,0
2008/10/1,RAINS,6,64,878,0,2,35,0,1076,0,0
2008/11/1,EARTHQUAKE,1,18,26,0,56,154,0,1834,0,0
2008/11/1,EPIDEMIC,2,23,0,0,0,0,408,89,0,0
2008/11/1,FLOOD,2,48,59,0,1806,1082,0,7456,0,0
2008/12/1,AVALANCHE,1,12,21,0,13,31,0,153,0,0
2008/12/1,EPIDEMIC,6,71,0,0,0,0,240,370,0,0
2008/12/1,FLOOD,1,1,0,0,0,0,0,35,0,0
2008/12/1,RAINS,7,94,48,0,4,37,0,127,0,0
2008/12/1,Snowfall,2,83,53,0,31,76,0,746,0,0
2009/1/1,AVALANCHE,1,4,11,0,2,15,0,0,0,0
2009/1/1,COLD WAVE,1,0,4,0,0,0,0,18,0,0
2009/1/1,EPIDEMIC,1,15,0,0,0,0,1012,0,0,0
2009/1/1,RAINS,1,12,2,0,0,3,0,0,0,0
2009/1/1,Snowfall,4,3,65,0,1,47,0,3592,0,0
2009/2/1,EPIDEMIC,14,1438,0,0,0,0,200,418,0,0
2009/2/1,FLASH FLOOD,3,0,120,0,14,30,0,7270,0,0
2009/2/1,FLOOD,1,2,0,0,2,127,0,822,0,0
2009/2/1,HAILSTORM,2,9,79,0,0,0,0,399,0,0
2009/2/1,LIGHTNING,2,0,3,0,2,0,0,0,0,0
2009/2/1,RAINS,5,251,110,2,3,71,0,1869,0,0
2009/2/1,Snowfall,3,0,4,0,2,4,0,42,0,0
2009/3/1,DROUGHT,2,53,6,0,0,0,0,0,0,0
2009/3/1,EARTHQUAKE,2,0,49,2,8,47,0,54,0,0
2009/3/1,EPIDEMIC,2,7,0,0,0,0,95,73,0,0
2009/3/1,FLOOD,1,0,456,0,7,72,0,21468,0,0
2009/3/1,LIGHTNING,3,0,1,0,0,1,0,0,0,0
2009/3/1,PEST,3,0,0,0,0,0,0,0,0,0
2009/3/1,RAINS,5,138,56,4,44,92,0,762,0,0
2009/4/1,EARTHQUAKE,1,17,156,0,76,267,0,0,0,0
2009/4/1,EPIDEMIC,7,65,0,0,0,0,143,303,0,0
2009/4/1,FLOOD,3,24,458,0,0,44,0,429,0,0
2009/4/1,HAILSTORM,1,0,3,0,0,1,0,0,0,0
2009/4/1,LANDSLIDE,2,3,3,0,0,7,0,0,0,0
2009/4/1,LIGHTNING,2,32,0,0,0,3,0,0,0,0
2009/4/1,PEST,2,0,0,0,0,0,0,0,0,0
2009/4/1,RAINS,8,113,47906,0,23,156,0,1655,0,0
2009/5/1,BREACH,1,3,11,0,0,3,0,26,0,0
2009/5/1,EPIDEMIC,1,2,0,0,0,0,0,35,0,0
2009/5/1,FLOOD,4,35,758,62,2309,64,0,5979,0,0
2009/5/1,HEAT WAVE,4,77,35,0,0,0,0,11376,0,0
2009/6/1,EARTHQUAKE,1,0,19,0,5,28,0,75,0,0
2009/6/1,EPIDEMIC,6,27,0,0,0,0,0,1638,0,0
2009/6/1,FLASH FLOOD,4,98,626,1,1524,346,0,386,0,0
2009/6/1,FLOOD,14,138,908,6,5401,2338,0,7755,0,0
2009/6/1,HEAT WAVE,4,385,125,0,0,0,0,341,0,0
2009/6/1,OTHER,1,0,814,0,0,0,0,1493,0,0
2009/6/1,RAINS,6,30,1275,0,31,106,0,2415,0,0
2009/6/1,STORM,2,0,21,0,1,3,0,0,0,0
2009/6/1,WINDSTORM,1,0,8,0,0,5,0,0,0,0
2009/7/1,BREACH,1,16,29,0,49,403,0,8745,0,0
2009/7/1,EPIDEMIC,2,12,0,0,0,0,0,442,0,0
2009/7/1,FLASH FLOOD,4,20,36,0,138,1535,0,795,0,0
2009/7/1,FLOOD,26,1260,773,0,1710,10489,0,170973,0,1214
2009/7/1,HEAT WAVE,1,2,21,0,0,0,0,6,0,0
2009/7/1,LANDSLIDE,5,35,13,0,6,0,0,27,0,0
2009/7/1,LIGHTNING,4,21,0,0,0,4,0,0,0,0
2009/7/1,OTHER,2,0,49,0,0,0,0,9431,0,0
2009/7/1,RAINS,14,198,1207,0,178,82,0,48651,0,0
2009/7/1,STORM,1,97,4,0,0,12,0,0,0,0
2009/7/1,THUNDERSTORM,1,18,0,0,45,31,0,7,0,0
2009/8/1,BREACH,2,22,26,2,0,30,0,2369,0,0
2009/8/1,EPIDEMIC,5,15,0,0,0,0,0,716,0,0
2009/8/1,FLASH FLOOD,2,13,24,0,12,30,0,0,0,0
2009/8/1,FLOOD,30,281,636,16,769,3667,6,40793,0,0
2009/8/1,LANDSLIDE,3,59,0,0,0,2,0,0,0,0
2009/8/1,LIGHTNING,3,48,0,0,0,2,0,0,0,0
2009/8/1,RAINS,21,269,338,15,2717,2350,0,12639,0,0
2009/9/1,EARTHQUAKE,2,358,250,0,679,1158,0,103260,0,0
2009/9/1,EPIDEMIC,1,2,0,0,0,0,0,47,0,0
2009/9/1,FLASH FLOOD,13,94,176,0,617,297,0,9114,0,0
2009/9/1,FLOOD,14,338,412,5,2995,388,0,20616,0,0
2009/9/1,LANDSLIDE,2,3,6,0,0,1,0,245,0,0
2009/9/1,LIGHTNING,1,2,0,0,0,0,0,0,0,0
2009/9/1,OTHER,2,0,0,0,0,0,0,8672,0,0
2009/9/1,RAINS,19,315,404,24,260,482,0,10544,0,0
2009/9/1,STORM,1,48,3,0,0,0,0,0,0,0
2009/10/1,EARTHQUAKE,2,37,251,0,758,78,0,18,0,0
2009/10/1,EPIDEMIC,3,9,0,0,0,0,0,934,0,0
2009/10/1,FLASH FLOOD,1,2,6,0,7,9,0,903,0,0
2009/10/1,FLOOD,7,41,679,0,169,313,0,7646,785,0
2009/10/1,LANDSLIDE,5,49,2,0,16,30,0,0,0,0
2009/10/1,LIGHTNING,3,3,11,0,1,4,0,0,0,0
2009/10/1,PEST,1,0,0,0,0,0,0,0,0,0
2009/11/1,CYCLONE,1,0,0,0,0,0,0,0,0,0
2009/11/1,EARTHQUAKE,1,23,314,0,218,295,0,556,0,0
2009/11/1,EPIDEMIC,3,88,0,0,0,0,166,321,0,0
2009/11/1,RAINS,2,1,15,0,1,19,0,134,0,0
2009/12/1,AVALANCHE,2,19,10,0,53,47,0,345,0,0
2009/12/1,EARTHQUAKE,1,89,241,0,258,248,0,0,0,0
2009/12/1,EPIDEMIC,4,23,0,0,0,0,120,151,0,0
2009/12/1,Snowfall,1,0,12,0,3,20,0,354,0,0
2010/1/1,EARTHQUAKE,1,3,15,0,1390,0,0,7,0,0
2010/1/1,EARTHQUAKE,2,29,178,0,813,256,0,488,0,0
2010/1/1,EPIDEMIC,5,6,0,0,0,0,0,202,0,0
2010/2/1,AVALANCHE,3,106,80,0,49,368,0,2770,0,0
2010/2/1,COLD WAVE,1,0,6,0,0,0,0,120,0,0
2010/2/1,EPIDEMIC,1,8,0,0,0,0,0,27,0,0
2010/2/1,FLOOD,1,2,24,0,17,20,0,45,0,0
2010/2/1,LIGHTNING,1,1,1,0,0,0,0,0,0,0
2010/2/1,RAINS,3,2,51,0,7,26,0,22413,0,0
2010/2/1,Snowfall,3,6,71,0,10,59,0,2643,0,0
2010/3/1,EPIDEMIC,1,3,0,0,0,0,0,109,0,0
2010/3/1,LANDSLIDE,2,7,0,0,2,4,0,0,0,0
2010/3/1,LIGHTNING,4,57,2,0,4,5,0,0,0,0
2010/3/1,OTHER,1,2,95,0,0,0,0,865,0,0
2010/3/1,PEST,4,0,0,0,0,0,0,0,0,0
2010/4/1,CYCLONE,3,464,161,4,0,5870,0,55052,0,0
2010/4/1,EPIDEMIC,2,8,0,0,0,0,0,100,0,0
2010/4/1,FLOOD,1,17,29,0,0,18,0,1616,0,0
2010/4/1,LANDSLIDE,2,4,6,0,2,7,0,46,0,0
2010/4/1,LIGHTNING,1,0,0,0,0,0,0,0,0,0
2010/4/1,RAINS,2,3,40,0,3,0,0,2154,0,0
2010/5/1,BREACH,1,4,24,0,3,13,0,49,0,0
2010/5/1,EPIDEMIC,1,4,0,0,0,0,0,23,0,0
2010/5/1,FLOOD,3,73,217,0,58,55,0,3645,0,0
2010/5/1,HEAT WAVE,4,675,68,0,0,0,0,16368,0,0
2010/5/1,SANDSTORM,1,0,68,0,0,9,0,357,0,0
2010/6/1,CYCLONE,1,0,0,0,0,0,0,5500,0,0
2010/6/1,EPIDEMIC,1,5,0,0,0,0,0,64,0,0
2010/6/1,FLASH FLOOD,1,3,8,0,2038,100,0,6,0,0
2010/6/1,FLOOD,1,12,1,58,154,603,0,51,0,0
2010/6/1,HEAT WAVE,7,42,904,0,0,0,38,3828,0,0
2010/6/1,LANDSLIDE,2,11,12,0,0,15,0,421,0,0
2010/6/1,LIGHTNING,2,46,0,0,0,0,0,0,0,0
2010/6/1,RAINS,4,30,25,0,2,13,0,57,0,0
2010/6/1,STORM,2,30,0,0,0,2,0,0,0,0
2010/6/1,WINDSTORM,1,10,13,0,3,13,0,701,0,0
2010/7/1,CYCLONE,1,0,34,0,0,0,0,486,0,0
2010/7/1,EARTHQUAKE,2,112,511,0,120,226,0,935,0,0
2010/7/1,FLASH FLOOD,12,90,196,50,529,5547,0,24494,0,162
2010/7/1,FLOOD,64,348,1421,15,16895,53550,0,1071087,0,11583
2010/7/1,HEAT WAVE,2,2,65,0,0,54,0,4569,0,0
2010/7/1,LANDSLIDE,4,13,13,0,2,7,0,42,0,0
2010/7/1,LIGHTNING,4,3,3,0,0,3,0,0,0,0
2010/7/1,RAINS,14,559,670,115,467,110,0,5226,0,28000
2010/7/1,WINDSTORM,3,27,51,0,48,4,0,669,0,0
2010/8/1,BREACH,2,4,26,2,0,30,0,298,0,0
2010/8/1,EARTHQUAKE,1,32,279,0,26,38,0,789,0,0
2010/8/1,EPIDEMIC,1,10,0,0,0,0,0,86,0,0
2010/8/1,FLASH FLOOD,6,74,68,0,70,150,0,949,0,0
2010/8/1,FLOOD,24,178,497,17,620,1240,0,122939,0,0
2010/8/1,LANDSLIDE,8,126,61,42,56,207,0,637,0,0
2010/8/1,LIGHTNING,3,88,0,0,6,0,0,0,0,0
2010/8/1,RAINS,10,160,208,10,233,113,0,18784,0,0
2010/8/1,Snowfall,1,0,0,0,0,4,0,38,0,0
2010/8/1,THUNDERSTORM,1,8,1,0,0,14,0,16,0,0
2010/8/1,WINDSTORM,1,0,11,0,1,2,0,0,0,0
2010/9/1,EARTHQUAKE,2,67,328,0,683,243,0,22331,0,0
2010/9/1,EPIDEMIC,1,3,0,0,0,0,0,24,0,0
2010/9/1,FLASH FLOOD,22,758,10171,2,14153,973,100,71766,0,0
2010/9/1,FLOOD,22,457,1911,0,9263,1835,2254,133227,0,0
2010/9/1,LANDSLIDE,2,4,8,0,0,9,0,28,0,0
2010/9/1,RAINS,5,31,72,0,40,190,0,1244,0,0
2010/9/1,WINDSTORM,2,5,52,0,3,21,0,54,0,0
2010/10/1,CYCLONE,1,0,1,0,4,0,0,1257,0,0
2010/10/1,EARTHQUAKE,1,67,318,0,176,211,0,345,0,0
2010/10/1,EPIDEMIC,7,36,0,0,0,0,0,5520,0,0
2010/10/1,FLASH FLOOD,2,14,13,0,10,40,0,0,0,0
2010/10/1,FLOOD,1,0,0,0,17,62,0,4000,0,0
2010/10/1,LANDSLIDE,1,0,1,0,1,7,0,0,0,0
2010/10/1,LIGHTNING,1,1,3,0,0,1,0,0,0,0
2010/10/1,OTHER,1,0,0,0,0,0,0,0,0,0
2010/10/1,RAINS,3,11,18,0,2,26,0,132,0,0
2010/11/1,COLD WAVE,1,1,8,0,0,0,0,24,0,0
2010/11/1,EARTHQUAKE,1,3,61,0,251,258,0,0,0,0
2010/11/1,EPIDEMIC,10,58,0,0,0,0,674,47,0,0
2010/11/1,RAINS,1,6,6,0,4,27,0,1346,0,0
2010/12/1,EPIDEMIC,4,76,0,0,0,0,127,4084,0,0
2010/12/1,Snowfall,1,0,4,0,0,3,0,0,0,0
2011/1/1,EARTHQUAKE,4,14,534,0,306,179,0,2353,0,0
2011/1/1,EPIDEMIC,2,12,0,0,0,0,0,97,0,0
2011/1/1,RAINS,1,0,1,0,0,4,0,29,0,0
2011/2/1,EPIDEMIC,1,5,0,0,0,0,0,34,0,0
2011/2/1,FLASH FLOOD,8,10,57,0,46,446,0,6445,0,0
2011/2/1,FLOOD,7,38,141,0,547,254,0,5157,0,0
2011/2/1,LIGHTNING,2,0,1,0,0,3,0,0,0,0
2011/2/1,RAINS,1,1,11,0,2,3,0,0,0,0
2011/2/1,Snowfall,1,1,18,0,1,5,0,42,0,0
2011/3/1,EPIDEMIC,6,21,0,0,0,0,637,68,0,0
2011/3/1,FLOOD,1,2,64,0,35,0,0,85,0,0
2011/3/1,LANDSLIDE,3,4,20,0,0,6,0,0,0,0
2011/3/1,LIGHTNING,1,2,0,0,0,0,0,0,0,0
2011/3/1,OTHER,1,0,0,0,0,0,0,0,0,0
2011/4/1,EARTHQUAKE,3,146,567,0,1294,245,0,1688,0,0
2011/4/1,EPIDEMIC,2,3,0,0,0,0,0,598,0,0
2011/4/1,FLOOD,2,15,113,0,6,16,0,299,0,0
2011/4/1,HEAT WAVE,4,54,485,0,0,0,0,13716,0,0
2011/4/1,LANDSLIDE,2,3,4,0,2,0,0,0,0,0
2011/4/1,LIGHTNING,1,3,0,0,0,3,0,0,0,0
2011/4/1,RAINS,1,0,3,0,5,44,0,632,0,0
2011/5/1,BREACH,2,12,74,0,20,83,0,132,0,0
2011/5/1,EARTHQUAKE,1,36,153,0,72,176,0,796,0,0
2011/5/1,EPIDEMIC,1,0,0,0,0,0,0,55,0,0
2011/5/1,HEAT WAVE,2,3,62,0,0,0,0,271,0,0
2011/5/1,SANDSTORM,1,0,0,0,0,3,0,12,0,0
2011/6/1,CYCLONE,1,0,24,0,0,0,0,0,0,0
2011/6/1,EARTHQUAKE,2,101,483,0,89,171,0,865,0,0
2011/6/1,EPIDEMIC,1,3,0,0,0,0,0,64,0,0
2011/6/1,FLOOD,2,4,57,0,2013,65,0,588,0,0
2011/6/1,HEAT WAVE,5,44,90,0,0,0,0,1131,0,0
2011/6/1,LANDSLIDE,1,13,9,0,0,15,0,0,0,0
2011/6/1,RAINS,3,19,106,0,26,66,0,1868,0,0
2011/6/1,SANDSTORM,1,0,16,0,7,18,0,24,0,0
2011/6/1,WINDSTORM,1,0,0,0,0,0,0,8,0,0
2011/7/1,FLASH FLOOD,3,13,57,0,89,197,0,580,0,0
2011/7/1,FLOOD,15,70,363,5,179957,250170,0,1450991,0,0
2011/7/1,HEAT WAVE,2,1,95,0,0,0,0,172,0,0
2011/7/1,LANDSLIDE,2,5,8,0,2,83,0,3151,0,0
2011/7/1,LIGHTNING,1,0,0,0,0,1,0,0,0,0
2011/7/1,OTHER,1,3,84,0,0,0,0,4869,0,0
2011/7/1,RAINS,15,195,878,16,122,198,0,83264,0,28000
2011/8/1,EARTHQUAKE,1,69,324,0,94,210,0,764,0,0
2011/8/1,EPIDEMIC,5,23,0,0,0,0,0,205,0,0
2011/8/1,FLASH FLOOD,5,25,46,0,25,71,0,2637,0,0
2011/8/1,FLOOD,57,141,1242,7,1557,7284,0,159773,0,0
2011/8/1,LANDSLIDE,3,6,54,0,85,50,0,1200,0,0
2011/8/1,LIGHTNING,2,1,2,0,0,0,0,0,0,0
2011/8/1,OTHER,1,29,82,0,0,0,0,1568,0,0
2011/8/1,RAINS,21,374,896,12,665125,87,0,95596,0,0
2011/9/1,EARTHQUAKE,1,0,14,0,59,128,0,457,0,0
2011/9/1,EPIDEMIC,13,55,0,0,0,0,24,1622,0,0
2011/9/1,FLASH FLOOD,11,150,876,0,2363,445,0,66294,0,0
2011/9/1,FLOOD,22,270,1079,0,2578,3942,0,932596,0,0
2011/9/1,LANDSLIDE,2,5,0,0,3,0,0,0,0,0
2011/9/1,RAINS,17,251,438,74,256,6758,0,58179,0,0
2011/10/1,EARTHQUAKE,3,83,267,0,1729,236,0,24359,0,0
2011/10/1,EPIDEMIC,1,10,0,0,0,0,0,442,0,0
2011/10/1,FLASH FLOOD,1,5,6,0,3,3,0,0,0,0
2011/10/1,FLOOD,4,12,80,0,101,199,0,2709,0,0
2011/10/1,LANDSLIDE,1,1,2,0,0,0,0,134,0,0
2011/10/1,LIGHTNING,1,1,0,0,0,2,0,0,0,0
2011/10/1,OTHER,1,0,9,0,0,0,0,367,0,0
2011/10/1,RAINS,2,1,5,0,4,7,0,0,0,0
2011/11/1,COLD WAVE,1,1,0,0,0,0,0,12,0,0
2011/11/1,CYCLONE,1,0,31,0,0,0,0,2997,0,0
2011/11/1,EARTHQUAKE,1,95,194,0,89,183,0,214,0,0
2011/11/1,EPIDEMIC,2,5,0,0,0,0,122,0,0,0
2011/11/1,FLOOD,1,4,85,0,21,52,0,62,0,0
2011/11/1,RAINS,1,1,26,0,4,27,0,1245,0,0
2011/12/1,EPIDEMIC,2,36,0,0,0,0,0,139,0,0
2011/12/1,RAINS,2,51,24,0,12,10,0,92,0,0
2012/1/1,AVALANCHE,1,5,21,0,5,10,0,0,0,0
2012/1/1,COLD WAVE,1,0,16,0,0,0,0,32,0,0
2012/1/1,EPIDEMIC,2,10,0,0,0,0,0,111,0,0
2012/1/1,Snowfall,1,0,0,0,0,1,0,19,0,0
2012/1/1,SNOWSTORM,1,18,0,0,1,6,0,842,0,0
2012/2/1,EARTHQUAKE,1,0,5,0,3,84,0,67,0,0
2012/2/1,EPIDEMIC,5,16,0,0,0,0,136,35,0,0
2012/2/1,FLOOD,2,8,66,0,31,58,0,174,0,0
2012/2/1,LIGHTNING,1,1,3,0,0,0,0,0,0,0
2012/2/1,Snowfall,3,2,4,0,1,11,0,90,0,0
2012/3/1,EPIDEMIC,1,7,0,0,0,0,0,3607,0,0
2012/3/1,FLOOD,1,1,56,0,76,0,0,32,0,0
2012/3/1,HAILSTORM,1,0,5,0,4,13,0,32114,0,0
2012/3/1,RAINS,6,47,36,30,28,11,0,784,0,0
2012/3/1,STORM,2,1,60,0,0,25,0,0,0,0
2012/4/1,EARTHQUAKE,1,0,1,0,8,39,0,27,0,0
2012/4/1,EPIDEMIC,3,37,0,0,0,0,0,898,0,0
2012/4/1,FLOOD,2,3,77,0,12,16,0,320,0,0
2012/4/1,LANDSLIDE,1,2,0,0,0,3,0,0,0,0
2012/4/1,STORM,4,22,3,0,0,10,0,0,0,0
2012/5/1,BREACH,4,21,109,0,23,99,0,220,0,0
2012/5/1,FLOOD,1,0,69,0,180,0,0,984,0,0
2012/5/1,HEAT WAVE,3,0,0,0,0,0,0,63,0,0
2012/5/1,OTHER,1,0,56,0,0,0,0,113,0,0
2012/5/1,THUNDERSTORM,1,3,35,0,0,0,0,4,0,0
2012/6/1,EPIDEMIC,1,5,0,0,0,0,0,967,0,0
2012/6/1,FLASH FLOOD,2,7,103,0,76,168,0,2814,0,0
2012/6/1,FLOOD,6,861,1086,1,12,90,0,8594,0,0
2012/6/1,HEAT WAVE,6,109,11,0,0,0,0,325999,0,0
2012/6/1,RAINS,5,86,31,0,7,35,0,95,0,0
2012/6/1,STORM,1,0,12,0,0,0,0,0,0,0
2012/6/1,WINDSTORM,1,0,5,0,0,3,0,0,0,0
2012/7/1,BREACH,1,16,42,0,49,403,0,8745,0,0
2012/7/1,CYCLONE,1,62,21,0,0,0,0,165687,0,0
2012/7/1,EARTHQUAKE,1,0,11,0,16,92,0,464,0,0
2012/7/1,FLASH FLOOD,4,28,26,0,22,43,0,432,0,0
2012/7/1,FLOOD,5,100,403,0,450650,892624,0,269186,0,0
2012/7/1,HEAT WAVE,1,0,0,0,0,0,0,200,0,0
2012/7/1,LANDSLIDE,4,14,28,0,5,83,0,923,0,0
2012/7/1,LIGHTNING,2,0,0,0,0,0,0,0,0,0
2012/7/1,RAINS,8,55,182,54,52,2226,0,10807,0,0
2012/7/1,STORM,2,0,7,0,0,30,0,0,0,0
2012/7/1,THUNDERSTORM,2,1,6,0,6,8,0,71,0,0
2012/8/1,CYCLONE,3,57,854,21,135,751,0,5853,0,0
2012/8/1,EPIDEMIC,3,11,0,0,0,0,0,558,0,0
2012/8/1,FLASH FLOOD,4,31,63,0,118,274,0,8338,0,0
2012/8/1,FLOOD,16,102,1294,19,747,4292,0,36762,0,0
2012/8/1,LANDSLIDE,1,6,2,0,0,0,0,0,0,0
2012/8/1,LIGHTNING,1,2,0,0,0,2,0,0,0,0
2012/8/1,RAINS,13,131,1851,4,1616,129,0,19070,0,0
2012/8/1,THUNDERSTORM,1,4,1,0,0,7,0,59,0,0
2012/8/1,WINDSTORM,1,0,1,0,0,0,0,0,0,0
2012/9/1,EARTHQUAKE,1,31,67,0,15,32,0,981,0,0
2012/9/1,EPIDEMIC,3,8,0,0,0,0,0,400,0,0
2012/9/1,FLASH FLOOD,26,222,15745,0,11082,680,0,140016,0,0
2012/9/1,FLOOD,71,373,2970,28,24594,3433,0,314332,78,0
2012/9/1,LANDSLIDE,5,7,0,0,2,2,0,0,0,0
2012/9/1,LIGHTNING,2,87,1,0,0,0,0,0,0,0
2012/9/1,RAINS,27,208,727,36,299,507,0,13424,0,0
2012/10/1,EARTHQUAKE,3,22,393,0,1625,158,0,88764,0,0
2012/10/1,EPIDEMIC,1,3,0,0,0,0,0,43,0,0
2012/10/1,FLASH FLOOD,2,10,20,0,27,66,0,212,0,0
2012/10/1,FLOOD,10,74,239,2,37,211,0,2934,785,0
2012/10/1,LANDSLIDE,1,0,2,0,0,6,0,0,0,0
2012/10/1,LIGHTNING,2,0,0,0,0,1,0,0,0,0
2012/10/1,RAINS,3,16,52,0,11,40,0,0,0,0
2012/11/1,EPIDEMIC,10,244,0,0,0,0,431,85,0,0
2012/11/1,Snowfall,1,0,6,0,1,0,0,0,0,0
2012/12/1,EPIDEMIC,2,27,0,0,0,0,120,3744,0,0
2012/12/1,Snowfall,1,0,4,0,0,2,0,0,0,0
2013/1/1,EARTHQUAKE,1,3,63,0,1390,0,0,8024,0,0
2013/1/1,AVALANCHE,2,6,16,0,13,14,0,0,0,0
2013/1/1,EPIDEMIC,7,32,0,0,0,0,105,151,0,0
2013/1/1,Snowfall,1,0,4,0,0,2,0,0,0,0
2013/2/1,EARTHQUAKE,2,12,115,0,892,100,0,25932,0,0
2013/2/1,EPIDEMIC,6,13,0,0,0,0,121,111,0,0
2013/2/1,FLOOD,24,70,455,118,2191,1110,0,14816,126,0
2013/2/1,LIGHTNING,2,1,2,0,0,2,0,0,0,0
2013/2/1,RAINS,5,3,28,0,10,41,0,2020,0,0
2013/2/1,Snowfall,3,0,86,0,0,10,0,1023,0,0
2013/3/1,FLOOD,1,1,43,0,54,0,0,76,0,0
2013/3/1,HAILSTORM,1,6,89,0,13,27,0,54,0,0
2013/3/1,LANDSLIDE,1,4,3,0,0,3,0,0,0,0
2013/3/1,LIGHTNING,1,0,0,0,0,0,0,0,0,0
2013/3/1,RAINS,10,11,66,4,21,58,0,414,0,6
2013/3/1,STORM,2,0,26,0,5,13,0,207,0,0
2013/4/1,EARTHQUAKE,1,4,56,0,1218,90,0,9414,0,0
2013/4/1,EPIDEMIC,2,5,0,0,0,0,0,83,0,0
2013/4/1,LANDSLIDE,2,41,4,0,0,0,0,0,0,0
2013/4/1,LIGHTNING,1,0,1,0,0,3,0,0,0,0
2013/4/1,RAINS,4,7,10,0,7,9,0,0,0,0
2013/4/1,STORM,4,0,3,0,0,10,0,0,0,0
2013/4/1,THUNDERSTORM,2,56,89,1,0,0,0,499,0,0
2013/5/1,EPIDEMIC,1,3,0,0,0,0,0,37,0,0
2013/5/1,HEAT WAVE,2,0,3,0,0,0,6,4767,0,0
2013/5/1,RAINS,1,22,16,0,38,36,0,46,0,0
2013/5/1,STORM,4,0,10,0,0,3,0,0,0,0
2013/6/1,CYCLONE,1,5,8,0,0,0,0,58,0,0
2013/6/1,EPIDEMIC,2,6,0,0,0,0,0,277,0,0
2013/6/1,FLASH FLOOD,1,5,5,0,5,26,0,436,0,0
2013/6/1,FLOOD,2,0,55,0,7,48,0,321,0,0
2013/6/1,HEAT WAVE,4,135,46,0,0,0,0,459,0,0
2013/6/1,LIGHTNING,2,4,8,0,0,0,0,0,0,0
2013/6/1,RAINS,4,16,107,8,6,57,0,38328,0,0
2013/6/1,STORM,4,9,175,0,4,18,0,321,0,0
2013/7/1,BREACH,2,4,106,0,50,128,0,15732,0,0
2013/7/1,EPIDEMIC,1,4,0,0,0,0,0,85,0,0
2013/7/1,FLASH FLOOD,6,33,81,8,185,489,0,3025,0,0
2013/7/1,FLOOD,1,2,12,0,0,25,0,165,0,0
2013/7/1,HEAT WAVE,2,0,0,0,0,0,0,14,0,0
2013/7/1,LANDSLIDE,1,2,1,0,1,4,0,0,0,0
2013/7/1,LIGHTNING,1,0,0,0,0,0,0,0,0,0
2013/7/1,OTHER,4,116,93,64,0,0,0,1264,0,0
2013/7/1,RAINS,11,158,291,0,16,75,0,8627,0,0
2013/7/1,THUNDERSTORM,1,2,66,0,4,3,0,6,0,0
2013/8/1,BREACH,3,0,6,0,0,5,0,0,0,0
2013/8/1,EARTHQUAKE,1,32,48,0,27,57,0,583,0,0
2013/8/1,EPIDEMIC,3,9,0,0,0,0,0,159,0,0
2013/8/1,FLASH FLOOD,3,13,10,0,19,24,0,947,0,0
2013/8/1,FLOOD,49,1257,2035,93,27091,1547,300,218434,89,0
2013/8/1,LANDSLIDE,4,24,30,37,3,10,0,0,0,0
2013/8/1,LIGHTNING,1,1,0,0,0,0,0,0,0,0
2013/8/1,RAINS,15,81,580,12,116,2610,0,134213,0,0
2013/8/1,STORM,2,9,0,0,0,7,0,0,0,0
2013/9/1,EARTHQUAKE,9,690,1335,0,19268,6829,0,380316,0,0
2013/9/1,EPIDEMIC,6,43,0,0,0,0,42,2743,0,0
2013/9/1,FLASH FLOOD,6,97,113,0,69,130,0,781,0,0
2013/9/1,FLOOD,12,159,712,12,19025,3549,0,188272,0,0
2013/9/1,LANDSLIDE,3,10,8,0,1,3,0,135,0,0
2013/9/1,OTHER,1,2,59,0,0,0,0,116,0,0
2013/9/1,PEST,4,0,0,0,0,0,0,0,0,0
2013/9/1,RAINS,6,72,216,46,87,115,0,62877,0,0
2013/10/1,CYCLONE,1,2,1,0,6,0,0,21,0,0
2013/10/1,EARTHQUAKE,1,84,840,0,1714,50,0,14531,0,0
2013/10/1,EPIDEMIC,2,4,0,0,0,0,0,114,0,0
2013/10/1,FLASH FLOOD,3,11,55,0,53,115,0,1402,0,0
2013/10/1,FLOOD,1,23,14,0,0,0,0,168,0,0
2013/10/1,LIGHTNING,2,1,4,0,0,1,0,0,0,0
2013/10/1,RAINS,4,4,5,0,4,11,0,0,0,0
2013/11/1,EPIDEMIC,1,3,0,0,0,0,0,32,0,0
2013/12/1,AVALANCHE,1,6,0,0,6,8,0,0,0,0
2013/12/1,COLD WAVE,1,0,0,0,0,0,0,17,0,0
2013/12/1,EARTHQUAKE,1,27,45,0,49,109,0,378,0,0
2013/12/1,EPIDEMIC,2,79,0,0,0,0,0,124,0,0
2013/12/1,Snowfall,1,0,54,0,0,2,0,0,0,0
2014/1/1,AVALANCHE,1,22,16,2,0,3,0,0,0,0
2014/1/1,EARTHQUAKE,1,0,64,0,89,21,0,348,0,0
2014/1/1,Snowfall,1,0,3,0,0,2,0,0,0,0
2014/2/1,EPIDEMIC,1,4,0,0,0,0,0,35,0,0
2014/2/1,FLOOD,1,6,57,0,16,30,0,78,0,0
2014/2/1,RAINS,3,2,7,0,2,6,0,0,0,0
2014/2/1,Snowfall,3,0,6,0,0,8,0,68,0,0
2014/3/1,AVALANCHE,1,26,1,2,0,0,0,0,0,0
2014/3/1,EARTHQUAKE,1,16,43,0,32,58,0,826,0,0
2014/3/1,EPIDEMIC,4,28,0,0,0,0,0,482,0,0
2014/3/1,FLOOD,1,6,34,0,42,0,0,85,0,0
2014/3/1,HAILSTORM,1,0,6,0,13,27,0,678,0,0
2014/3/1,LANDSLIDE,2,9,0,0,0,4,0,0,0,0
2014/3/1,PEST,1,0,0,0,0,0,0,0,0,0
2014/3/1,RAINS,1,1,3,0,2,3,0,0,0,0
2014/3/1,STORM,1,0,8,0,0,3,0,0,0,0
2014/4/1,EPIDEMIC,6,14,0,0,0,0,417,79,0,0
2014/4/1,LANDSLIDE,1,3,2,0,0,0,0,0,0,0
2014/4/1,RAINS,1,45,61,0,5,44,0,15,0,0
2014/4/1,THUNDERSTORM,1,0,2,0,0,0,0,0,0,0
2014/5/1,EARTHQUAKE,1,21,61,0,41,89,0,287,0,0
2014/5/1,EPIDEMIC,1,8,0,0,0,0,0,88,0,0
2014/5/1,FLOOD,3,7,87,0,99,451,0,67256,0,0
2014/5/1,HEAT WAVE,2,5,69,0,0,0,6,66,0,0
2014/5/1,LANDSLIDE,1,0,6,0,2,0,0,0,0,0
2014/5/1,RAINS,1,2,10,0,1,12,0,0,0,0
2014/5/1,THUNDERSTORM,1,2,0,0,0,0,0,0,0,0
2014/6/1,CYCLONE,1,3,16,0,0,0,0,6548,0,0
2014/6/1,EARTHQUAKE,1,18,51,0,31,61,0,768,0,0
2014/6/1,EPIDEMIC,2,9,0,0,0,0,0,159,0,0
2014/6/1,FLASH FLOOD,1,0,0,0,23,100,0,1687,0,0
2014/6/1,FLOOD,1,5,73,0,43,0,0,57,0,0
2014/6/1,HEAT WAVE,3,1,0,0,0,0,0,108,0,0
2014/6/1,OTHER,1,2,65,0,0,0,0,135,0,0
2014/6/1,STORM,1,0,54,0,0,34,0,0,0,0
2014/7/1,EPIDEMIC,3,12,0,0,0,0,0,160,0,0
2014/7/1,FLOOD,3,21,113,0,129,90,0,583,0,0
2014/7/1,HEAT WAVE,1,3,0,0,0,0,0,14,0,0
2014/7/1,LANDSLIDE,3,5,7,0,4,3,0,0,0,0
2014/7/1,RAINS,16,445,160,70,84,88,0,47562,0,0
2014/7/1,WINDSTORM,1,0,2,0,0,0,0,0,0,0
2014/8/1,EARTHQUAKE,1,17,48,0,34,79,0,639,0,0
2014/8/1,EPIDEMIC,7,16,0,0,0,0,15746,172,0,0
2014/8/1,FLASH FLOOD,5,21,78,0,40,135,0,153,0,0
2014/8/1,FLOOD,2,5,72,5,24,226,0,10492,0,0
2014/8/1,LANDSLIDE,1,0,4,0,0,0,0,0,0,0
2014/8/1,OTHER,1,0,0,0,0,0,0,0,0,0
2014/8/1,RAINS,7,39,172,3,267,610,0,1760649,0,0
2014/8/1,STORM,6,3,42,0,0,71,0,0,0,0
2014/9/1,FLASH FLOOD,7,44,966,0,4464,118,0,2896,0,0
2014/9/1,FLOOD,33,112,586,44,392,4095,0,74829,0,0
2014/9/1,LANDSLIDE,3,5,12,0,0,4,0,421,0,0
2014/9/1,LIGHTNING,1,2,0,0,0,1,0,0,0,0
2014/9/1,RAINS,3,117,699,3,56,50,0,7175,0,0
2014/9/1,STORM,2,12,4,0,0,16,0,1875,0,0
2014/10/1,CYCLONE,2,64,179,4,0,0,0,490,0,0
2014/10/1,EARTHQUAKE,1,99,324,0,1804,146,0,16321,0,0
2014/10/1,EPIDEMIC,4,24,0,0,0,0,0,594,0,0
2014/10/1,FLASH FLOOD,3,17,10,0,16,58,0,0,0,0
2014/10/1,FLOOD,1,4,24,0,58,0,0,88,0,0
2014/10/1,LANDSLIDE,2,4,9,0,0,0,0,0,0,0
2014/10/1,LIGHTNING,1,0,1,0,0,1,0,0,0,0
2014/10/1,RAINS,2,2,4,0,3,3,0,0,0,0
2014/12/1,EPIDEMIC,2,85,0,0,0,0,85,480,0,0
